day,eth_daily_return,eth_volatility_7d,eth_intraday_volatility,reddit_fraud_mention_ratio,reddit_avg_sentiment,reddit_total_activity
2017-01-01,0.025532397653222905,0.04439856384584118,0.06125040821882383,0.1165644171779141,0.2632955223880597,163
2017-01-02,0.025198957101562725,0.04436021850570629,0.046741640593019024,0.1206896551724138,0.3365573643410853,290
2017-01-03,0.1607373736520692,0.06538329321320138,0.20056291810744337,0.12693498452012383,0.24298385826771654,323
2017-01-04,0.156947120443095,0.07771201841214695,0.17679871617986326,0.08394160583941605,0.4070550458715596,274
2017-01-05,-0.08862739420788401,0.09314614195945352,0.22045390867522002,0.0390625,0.41228783068783065,256
2017-01-06,2.9202458710742007e-05,0.09198221927244866,0.09740712551562943,0.11023622047244094,0.3329710144927536,254
2017-01-07,-0.03778846354081733,0.09369300235728067,0.06782123753844842,0.11464968152866242,0.3033543307086614,157
2017-01-08,0.042829753327792375,0.09364283303227917,0.05732036340896521,0.11578947368421053,0.28633493150684936,190
2017-01-09,0.003479171731019859,0.09445712970286227,0.06275093499043591,0.07692307692307693,0.3942633507853403,273
2017-01-10,0.02169365308071458,0.07620638527338608,0.03857472068280337,0.0392156862745098,0.3493464285714286,204
2017-01-11,-0.07885034401254509,0.0502108854328853,0.11450931120912088,0.0995260663507109,0.280080459770115,211
2017-01-12,0.014773975167935882,0.04085991894383824,0.09344544664350769,0.1087866108786611,0.29730537634408605,239
2017-01-13,-0.00931215701119592,0.04082717305616446,0.0345407341419602,0.08040201005025126,0.2822716129032258,199
2017-01-14,-0.012573819579567602,0.038625320399416636,0.04566102540500832,0.023076923076923078,0.4408854166666667,130
2017-01-15,0.02670352583963287,0.035847553428559276,0.04091993693812995,0.08333333333333333,0.3283112359550562,120
2017-01-16,-0.02703476400106275,0.03651226097540313,0.03463843563683109,0.06593406593406594,0.31712666666666667,182
2017-01-17,0.06909148236639817,0.04628855295644081,0.11056251789947616,0.08139534883720931,0.3929742647058823,172
2017-01-18,-0.007231402756930794,0.032429263869380824,0.0564769809093776,0.03205128205128205,0.43680877192982454,156
2017-01-19,0.01656262884329185,0.03250058160446149,0.025887453488409384,0.11026615969581749,0.2843414285714286,263
2017-01-20,0.019563018805507593,0.031756661486060066,0.03953091577963881,0.15730337078651685,0.18852477876106194,267
2017-01-21,0.029111509257735202,0.030217918155289313,0.03754428256196841,0.14545454545454545,0.25490738636363636,220
2017-01-22,-0.018883087649630093,0.03285434051957546,0.03625083030485635,0.10887096774193548,0.2804848958333333,248
2017-01-23,0.010987320012801227,0.028219009347994515,0.01640539961183652,0.1349206349206349,0.28803658536585364,252
2017-01-24,-0.017401683406037538,0.01907914665639793,0.018736213238850632,0.10084033613445378,0.3677377358490566,238
2017-01-25,-0.005831114298580409,0.01894036957841112,0.0126665303943025,0.08849557522123894,0.2743892045454545,226
2017-01-26,0.00175956762142504,0.018230729901422906,0.014592285986405095,0.09821428571428571,0.3926217391304348,224
2017-01-27,-0.004891801443696608,0.016757240060272453,0.015561125819416167,0.15343915343915343,0.3045702702702703,189
2017-01-28,0.002628706614702603,0.010840566190962008,0.014603888000759952,0.125,0.25856842105263156,128
2017-01-29,-0.007666765510362161,0.009043538105245606,0.011172446858337223,0.060810810810810814,0.39238256880733946,148
2017-01-30,0.008317451648856,0.008392262580537262,0.023585303898351295,0.06967213114754098,0.40588595505617975,244
2017-01-31,0.014785415621459075,0.008192189425146082,0.01928210918593845,0.07526881720430108,0.39281886792452836,186
2017-02-01,0.0004287645039697807,0.007604575838424304,0.027054526615197257,0.043478260869565216,0.32101650485436894,138
2017-02-02,0.008320846757391642,0.007939045360141232,0.03131663638274943,0.053691275167785234,0.30265565217391305,149
2017-02-03,0.02708525380557414,0.011116685967078392,0.03324854856878615,0.08387096774193549,0.3139577235772358,155
2017-02-04,0.02870126796396444,0.013289787467383523,0.03349895898121225,0.11458333333333333,0.13611896551724137,192
2017-02-05,-0.0070407662272166105,0.013141183546673955,0.014787361506764223,0.1323529411764706,0.19880375,204
2017-02-06,0.0032061871137931686,0.013485883106779034,0.011520292385026184,0.14096916299559473,0.298259217877095,227
2017-02-07,0.011054162099148224,0.013374639732171647,0.01704991403825233,0.11386138613861387,0.3162564417177914,202
2017-02-08,-0.0073033069986749855,0.014585493769962132,0.03353495399296273,0.10869565217391304,0.30451256281407035,230
2017-02-09,-0.034904486575348614,0.02217087458416959,0.08075439002092448,0.12077294685990338,0.3093581395348837,207
2017-02-10,0.02236183989046614,0.02137213157898084,0.05101851034923385,0.09363295880149813,0.3803751196172249,267
2017-02-11,0.006259436211243363,0.018198668924109623,0.016774694230091286,0.12,0.2488359712230216,175
2017-02-12,0.004379112586702982,0.018068836892916995,0.008570242016792925,0.09782608695652174,0.3892626582278481,184
2017-02-13,-0.01137804896829131,0.018568553589663955,0.019396359257339985,0.11931818181818182,0.316475,176
2017-02-14,0.15579219538371825,0.06274178142500077,0.18112951057425347,0.1037463976945245,0.28971821428571426,347
2017-02-15,-0.00809970074088362,0.06279879000646918,0.03087489347591219,0.09615384615384616,0.37061106194690263,312
2017-02-16,-0.0012384029358294413,0.059147480143146705,0.02912312296844181,0.09328358208955224,0.3170826086956522,268
2017-02-17,-0.017607318575499575,0.06122592802201325,0.01887814455529089,0.1702127659574468,0.32318028169014085,188
2017-02-18,0.010547029047507595,0.06110671517672119,0.011567177255230838,0.07017543859649122,0.4275037974683544,114
2017-02-19,-0.004035818282259518,0.06152166507799744,0.01239696231730423,0.11643835616438356,0.42062105263157895,146
2017-02-20,-0.025739675953021512,0.06287795979477134,0.03655246112715181,0.08571428571428572,0.3069245398773006,210
2017-02-21,0.01917115400081415,0.015441201547738433,0.04543757076646217,0.06986899563318777,0.4103159509202454,229
2017-02-22,-0.0054229293143585044,0.015351520691801339,0.016544226396692566,0.12135922330097088,0.417362091503268,206
2017-02-23,0.041247017894735505,0.022917331902407818,0.0511188249256655,0.17793594306049823,0.38057068062827226,281
2017-02-24,-0.003826429730523939,0.021436795069199908,0.026609693423266804,0.14084507042253522,0.36911428571428573,213
2017-02-25,0.036689375521552714,0.024684291954737328,0.056890055739731084,0.16091954022988506,0.25655733333333336,174
2017-02-26,0.07168954227018531,0.03342437151214479,0.08491092634226946,0.05789473684210526,0.39437124183006533,190
2017-02-27,0.06036495512155127,0.029814787806477477,0.09659586307694173,0.060526315789473685,0.2885110344827586,380
2017-02-28,0.02732439731147962,0.02941325186274624,0.06058631463568816,0.0898379970544919,0.30115690721649485,679
2017-03-01,0.09688827662849708,0.03262572047666131,0.11435455774386714,0.07110091743119266,0.3605984375,436
2017-03-02,0.09686035109210267,0.03736278656219533,0.1382286703795406,0.10771992818671454,0.3320104308390022,557
2017-03-03,0.022532637822289203,0.03125894833834737,0.11848051144666515,0.10909090909090909,0.2826541884816754,495
2017-03-04,-0.04317279153655773,0.049796697303446456,0.07358163106628643,0.07611548556430446,0.2821634328358209,381
2017-03-05,0.036704595299488885,0.04870779783692516,0.06436327493056368,0.05,0.39250450450450447,260
2017-03-06,0.015718336548858458,0.04890137883197953,0.05121282708981339,0.09164420485175202,0.26918239700374536,371
2017-03-07,-0.03657610594134708,0.05623224745500823,0.050426265261783156,0.06267029972752043,0.31368624161073827,367
2017-03-08,-0.11844705468196215,0.06906027785887625,0.1181622825665631,0.06367041198501873,0.26510096618357487,267
2017-03-09,0.0662650512684384,0.0622638675706553,0.09051025279514764,0.09621993127147767,0.2800800884955752,291
2017-03-10,0.08885537380156383,0.07199485179994809,0.11169109916440911,0.0684931506849315,0.31987725321888416,292
2017-03-11,0.11070589844904966,0.07926520027369702,0.13322596174209225,0.06168831168831169,0.32832371541501976,308
2017-03-12,0.09152173422592691,0.08340773813868636,0.09588681643223865,0.07065217391304347,0.3236183606557377,368
2017-03-13,0.21995328002153314,0.10892749671400909,0.3020178706466814,0.058981233243967826,0.3438590990990991,746
2017-03-14,0.0021579071154720353,0.10405961150263697,0.09161447229539936,0.08581436077057793,0.30765100671140944,571
2017-03-15,0.22339521048156774,0.08075239720371723,0.23119834878406867,0.07758620689655173,0.37197178423236515,580
2017-03-16,0.32205414021427314,0.10834509388876665,0.33408942609440384,0.08119218910585817,0.2864234234234234,973
2017-03-17,0.01040440856098468,0.11936969137786423,0.36812287030258034,0.07464454976303317,0.2952371087928465,844
2017-03-18,-0.27051766342163086,0.19681662093632074,0.32367695899754334,0.07610619469026549,0.24986854166666667,565
2017-03-19,0.3097143225965342,0.21440853228362783,0.3280185159876376,0.06436420722135008,0.27526139630390145,637
2017-03-20,-0.030172021654711556,0.21518110004221935,0.08440550507785141,0.10830324909747292,0.26905316159250586,554
2017-03-21,-0.005648785205860096,0.21567751616918898,0.04347521132380269,0.07224334600760456,0.3262351089588377,526
2017-03-22,-0.018611647916033536,0.20810365538365236,0.0888375711728069,0.07990867579908675,0.28105486725663714,438
2017-03-23,0.03155960502355781,0.1690136210138306,0.08110609477584559,0.0673076923076923,0.3100626631853786,520
2017-03-24,0.21587559159197323,0.18721081462986136,0.2506782674662864,0.06824146981627296,0.24508854337152208,762
2017-03-25,-0.03497619418999032,0.1383104753199273,0.0982569031327147,0.0784,0.3055756238003839,625
2017-03-26,-0.01421270603121949,0.08884221632862592,0.049615956090319005,0.07249466950959488,0.3444236040609137,469
2017-03-27,-0.016917480862284395,0.08771522524292537,0.06881615182736504,0.09363295880149813,0.2735423880597015,801
2017-03-28,0.02230857734504288,0.08685546950072988,0.03643501564591627,0.06938775510204082,0.3387543189368771,735
2017-03-29,0.04630634766020236,0.08468295101436199,0.06566235472507606,0.055384615384615386,0.2985105363984674,650
2017-03-30,-0.017322927029913893,0.08706391766470552,0.027241682606268493,0.07692307692307693,0.33689400386847196,611
2017-03-31,-0.04153751173562048,0.0314252750261936,0.08478621753747642,0.060240963855421686,0.3332515856236786,581
2017-04-01,0.013234145852105694,0.029780515591113912,0.06101882627002517,0.07062146892655367,0.2898753846153846,354
2017-04-02,-0.038477732708912415,0.032810699937338234,0.11527169824019533,0.07323943661971831,0.2965611307420495,355
2017-04-03,-0.09010085859200101,0.04627543245027253,0.1108432953591484,0.06679764243614932,0.26899755501222494,509
2017-04-04,0.006436491144139023,0.044492363927909374,0.09147620306683826,0.07256235827664399,0.3430169398907104,441
2017-04-05,0.014831397382644163,0.03812108223106299,0.07400843158986269,0.10424710424710425,0.3303507829977628,518
2017-04-06,-0.04551256078071508,0.03904123117002956,0.10483738240452534,0.09873949579831932,0.33206982097186705,476
2017-04-07,-0.024964058106369702,0.0384308680954417,0.05579127349956089,0.06497175141242938,0.4288,354
2017-04-08,0.05086253795985751,0.04626063871414756,0.08312515971045058,0.0730593607305936,0.4083483870967742,219
2017-04-09,-0.02347479603776681,0.04550224300470128,0.036081472860344486,0.0625,0.37595320197044335,240
2017-04-10,0.0038875228960588704,0.03178896201002316,0.03975491149807146,0.10732984293193717,0.28638113879003557,382
2017-04-11,-0.0006446356427325384,0.031566780969777705,0.021909600546962955,0.0703125,0.2623049180327869,384
2017-04-12,0.06635074963636556,0.04113039042309642,0.09483967717640757,0.08092485549132948,0.31902491228070173,346
2017-04-13,0.08494983244354315,0.044489474336103715,0.0993983877813919,0.07654320987654321,0.3356270769230769,405
2017-04-14,-0.052674824533770814,0.05026659024369867,0.06578958316941237,0.07317073170731707,0.32483851590106005,369
2017-04-15,0.03210572463855188,0.04872815268043012,0.0502500293774545,0.07468879668049792,0.34167024390243905,241
2017-04-16,-0.007800234684769647,0.04695105531522334,0.019491068237403156,0.04263565891472868,0.3413722466960353,258
2017-04-17,-0.0084957148318896,0.04779815233217281,0.014254089574666865,0.12264150943396226,0.35631068376068376,318
2017-04-18,0.04974475945643375,0.048616071240245105,0.05656368876410535,0.0700280112044818,0.31203537906137185,357
2017-04-19,-0.04737363841270725,0.050842939206184344,0.07269017708493326,0.08530805687203792,0.24168074534161493,422
2017-04-20,0.028297050962288406,0.039691467240787585,0.03857486617452899,0.06904761904761905,0.3154416666666667,420
2017-04-21,-0.029147082361576815,0.03533168594168934,0.030646642733181947,0.06501547987616099,0.32319629629629626,323
2017-04-22,0.006814016142295598,0.0330138261053695,0.011809296489064286,0.06666666666666667,0.35087625,300
2017-04-23,-0.0013120018898568064,0.032886415004466193,0.014765706889427401,0.08163265306122448,0.39265175879396985,245
2017-04-24,0.03180499621527977,0.034673269441631016,0.02690382410347465,0.0967032967032967,0.2909386167146974,455
2017-04-25,-0.0028042482383394685,0.02867988877057072,0.00991920623870688,0.058004640371229696,0.3473052795031056,431
2017-04-26,0.056705344629919496,0.028186807025168154,0.07067600671159374,0.038391224862888484,0.3157234096692112,547
2017-04-27,0.1791985852704543,0.06943772258980135,0.18708399093104,0.05891016200294551,0.3227937614678899,679
2017-04-28,0.12854747132745925,0.07092470218517354,0.14002457515750263,0.05811965811965812,0.3009234309623431,585
2017-04-29,-0.025403693187318277,0.07561405409129106,0.0718031654418093,0.05930807248764415,0.3036447422680412,607
2017-04-30,0.15567102942532385,0.08017393905104839,0.1557252124218112,0.10349127182044887,0.29848489208633094,802
2017-05-01,-0.03447435555443645,0.08947455457764689,0.11897517717229682,0.07369758576874205,0.2657250396196514,787
2017-05-02,0.012671593136348358,0.08768315839795962,0.06492212589682568,0.044412607449856735,0.3890783625730994,698
2017-05-03,0.03176648131307713,0.088698451508127,0.056073493586225834,0.05434782608695652,0.3569399662731872,736
2017-05-04,0.21655279101214675,0.09747396426959419,0.22742985241184357,0.04700352526439483,0.2923471212121212,851
2017-05-05,-0.026632952434745394,0.09938982933198597,0.11384336138928369,0.07857142857142857,0.33443193033381713,840
2017-05-06,0.0361764325544498,0.09450123844808983,0.07297063684632898,0.0647985989492119,0.35761282608695655,571
2017-05-07,-0.038912810005518605,0.08872532165774133,0.0855496807042097,0.06333973128598848,0.2916731441048035,521
2017-05-08,-0.027518062608802296,0.0879423234288152,0.059973109492253755,0.07882534775888717,0.3352600814663951,647
2017-05-09,-0.0028166545736246773,0.08861847986271564,0.138847742944874,0.07568438003220612,0.2927554671968191,621
2017-05-10,-0.017967840396861945,0.0901480005822157,0.082945792947496,0.05124223602484472,0.39725,644
2017-05-11,0.003963113657890371,0.025363496094487358,0.15675602402569888,0.07575757575757576,0.3195579322638146,726
2017-05-12,-0.013621502672918395,0.024446894671484618,0.049958260764719306,0.0878594249201278,0.3160961464354528,626
2017-05-13,0.02458959327979482,0.021062203417603644,0.08063755832853117,0.07916666666666666,0.27409142857142854,480
2017-05-14,-0.0005383850034971216,0.016980100946946138,0.018072707934899766,0.08788598574821853,0.3180557471264368,421
2017-05-15,0.017936617531427057,0.015490038892386903,0.09474451087442659,0.09217877094972067,0.3426397651006711,716
2017-05-16,-0.03221231790071921,0.020177823399278667,0.048031284020456894,0.06420545746388442,0.3043637096774194,623
2017-05-17,0.004722755229113362,0.019080982289336017,0.07662946868322085,0.061806656101426306,0.3198777570093458,631
2017-05-18,0.0784094693052273,0.03517135318826698,0.08379524338599645,0.050203527815468114,0.2910335025380711,737
2017-05-19,0.3366209239815827,0.12589140813816002,0.3761786602443963,0.048478015783540024,0.3585862210095498,887
2017-05-20,-0.023207433523066645,0.12946377933926942,0.06917555046550629,0.05555555555555555,0.35590715268225587,864
2017-05-21,0.24830654051445933,0.14504840976323985,0.25982264261778654,0.06374501992031872,0.30570122249388754,1004
2017-05-22,0.10335770270922118,0.14151741837275972,0.3115070326858641,0.05555555555555555,0.32273582286847324,1926
2017-05-23,0.04413491367926459,0.1320493750283825,0.07971636291686522,0.06983655274888559,0.3174122504537205,1346
2017-05-24,0.04448431225833005,0.1273783927076045,0.25144942579752494,0.06520292747837658,0.2925909163987138,1503
2017-05-25,-0.0820854197017229,0.1485589152228395,0.21320623208084954,0.0922266139657444,0.29312901385493073,1518
2017-05-26,-0.08050055224188424,0.11602475817962711,0.24774996057210924,0.07377866400797607,0.282497400990099,1003
2017-05-27,-0.016489743174462834,0.11547647233141434,0.2910140639939825,0.0951219512195122,0.28697563150074296,820
2017-05-28,0.08083904674658138,0.0745871503839638,0.14060833200155612,0.08062234794908062,0.3110696335078534,707
2017-05-29,0.1430875120551427,0.08354749615669241,0.19158908721448956,0.07088331515812432,0.30390235131396953,917
2017-05-30,0.1898424369848568,0.10597480448611975,0.22706571623321656,0.07625272331154684,0.2754535745047373,1377
2017-05-31,-0.0053554560149732255,0.1072803142291509,0.09239652688556733,0.05997304582210242,0.2752331370899916,1484
2017-06-01,-0.036545906483391954,0.10030930278979139,0.09416334106473405,0.09549689440993789,0.29700389363722696,1288
2017-06-02,0.006911457909582808,0.08754293450834705,0.044208794297767,0.09626556016597511,0.28379297520661156,1205
2017-06-03,0.002685792425394906,0.08532338668803087,0.029329112169889322,0.06892778993435449,0.2747780678851175,914
2017-06-04,0.09339676699398125,0.08609809612785797,0.11792501388238523,0.09651741293532339,0.25365142517814726,1005
2017-06-05,0.012766389116992016,0.07790088391164406,0.02617608248096925,0.07365684575389948,0.3210561503416856,1154
2017-06-06,0.06440369071782759,0.04420048554192248,0.08316607521759946,0.05919494869771113,0.2975928,1267
2017-06-07,-0.024180760215113395,0.04649581766115414,0.040240738482649835,0.06772009029345373,0.3169606617647059,1329
2017-06-08,0.013930160701689731,0.04029710798641068,0.03208254606888497,0.05731225296442688,0.33318075,1012
2017-06-09,0.07670471343863028,0.043770008530441315,0.08027535530816753,0.050716648291069456,0.3257770604395604,907
2017-06-10,0.19852202533866103,0.07303819538829051,0.2419985423707979,0.0514018691588785,0.2892721264367816,1284
2017-06-11,0.008709766776475725,0.07402064914136397,0.10283533853944321,0.056049213943950786,0.32456190871369295,1463
2017-06-12,0.17874154785787422,0.08571891848570443,0.21570860402073508,0.0759493670886076,0.24810851948051948,2370
2017-06-13,-0.009845831841018393,0.09148047677163657,0.10392331726477794,0.07572056668295066,0.2445854328358209,2047
2017-06-14,-0.09680603189258263,0.10601012328067336,0.14363830571794348,0.06632939853850478,0.27874847625797305,1779
2017-06-15,0.008021113346340814,0.10639452932110001,0.17779007158680293,0.06325515280739161,0.2856389243391067,1407
2017-06-16,0.0229157758789722,0.10625578416286754,0.08759572705590085,0.07137433561123765,0.30348985365853653,1317
2017-06-17,0.024814538035166978,0.08168460371720548,0.04166719608012927,0.03759398496240601,0.3326976054732041,1064
2017-06-18,-0.020969161975004535,0.08309649828143673,0.057275126669694885,0.0488974113135187,0.3341788990825688,1043
2017-06-19,-0.0037743379523740295,0.041452990715724426,0.01977064054546227,0.06585919757759273,0.29607493309545047,1321
2017-06-20,-0.029863033920243365,0.042061659071211566,0.07298146870064097,0.05322687957418496,0.28983876033057854,1503
2017-06-21,-0.061650938857316206,0.03116842798137814,0.1164376207355291,0.05795677799607073,0.22822712765957448,2036
2017-06-22,-0.0014872327358832482,0.030521600331966728,0.03376927549747377,0.05586249232658073,0.280367434471803,1629
2017-06-23,0.015958603564320883,0.02936229471229388,0.038682325497820615,0.056291390728476824,0.30472683134582623,1510
2017-06-24,-0.05279759859353639,0.028217412623530284,0.06303401853523609,0.06321334503950835,0.2899144200626959,1139
2017-06-25,-0.06317046752067879,0.032170948557345105,0.1488440688818947,0.06760316066725197,0.25896819672131144,1139
2017-06-26,-0.10076241618284687,0.03989933251816854,0.24032945145111245,0.041866849691146193,0.24143443354148084,1457
2017-06-27,0.07479510822520918,0.05982472385164065,0.24185169587926375,0.059254327563249,0.25240284090909093,1502
2017-06-28,0.11886869386916654,0.07842360209428394,0.19345351162241453,0.0710506424792139,0.31908081285444234,1323
2017-06-29,-0.07637067456610891,0.0834134897301606,0.10151788627728298,0.05214465937762826,0.3049079915878023,1189
2017-06-30,-0.026303921361359395,0.082584213791153,0.08817030135327206,0.05526036131774708,0.3128533954727031,941
2017-07-01,-0.06888392949063737,0.08392798260820188,0.08566805765474794,0.05357142857142857,0.29299105545617177,672
2017-07-02,0.04874703910560596,0.08504408942106338,0.11990642501607982,0.06583072100313479,0.2747,638
2017-07-03,-0.017670899264302542,0.07447364575616768,0.034422770679916954,0.0562429696287964,0.33862382920110196,889
2017-07-04,-0.03391682116140904,0.0692790298993296,0.05059341926204161,0.0671892497200448,0.30772196765498655,893
2017-07-05,-0.01657143195320554,0.04117624782285082,0.05008443488300015,0.08740894901144641,0.3293866151866152,961
2017-07-06,0.006604152563739474,0.036349800539662046,0.04821883556745202,0.10375494071146245,0.28915024096385544,1012
2017-07-07,-0.09077103554844379,0.046354473466609494,0.11011280384807291,0.07660020986358866,0.30729257294429707,953
2017-07-08,0.023196007062831203,0.044742759896446424,0.1501728210369087,0.06357615894039735,0.32729232111692846,755
2017-07-09,-0.03798222696709874,0.03654089716308564,0.05149670004488153,0.07162921348314606,0.2973670648464164,712
2017-07-10,-0.11059854342105291,0.04875208356978039,0.1897280473168727,0.058765915768854066,0.3043730487804878,1021
2017-07-11,-0.08336384755849846,0.05169899411686271,0.17444275210926055,0.06294326241134751,0.26357300546448087,1128
2017-07-12,0.16904416293991376,0.09646172186679629,0.20889972743424734,0.04994686503719448,0.29605720164609056,941
2017-07-13,-0.0911757831341139,0.09939159706427321,0.13695147146570583,0.07082833133253301,0.27908909370199697,833
2017-07-14,-0.048018190096155156,0.09642344119645314,0.11323971486991334,0.06676557863501484,0.3058701688555347,674
2017-07-15,-0.1452805411734498,0.10302659186745872,0.14774495269719543,0.06172839506172839,0.31864933333333334,648
2017-07-16,-0.0778880916619964,0.10337844993330648,0.22580701763588407,0.05012531328320802,0.22765935582822086,798
2017-07-17,0.22915798421062394,0.14463053557333208,0.22944415779557792,0.08667529107373868,0.25708125,773
2017-07-18,0.21179900814371488,0.1607167270228774,0.44059022528918995,0.08195121951219513,0.2718441767068273,1025
2017-07-19,-0.14799204142879152,0.16144018574841185,0.22944486988560547,0.15030408340573415,0.25590856820744085,1151
2017-07-20,0.1380149324524802,0.16540506625140688,0.14939005548416445,0.23399790136411333,0.2261909946236559,953
2017-07-21,-0.03942537010919078,0.16482251779118112,0.09779661797192264,0.16136363636363638,0.22531016483516483,880
2017-07-22,0.0511715518370659,0.1469388536547828,0.07265217518292995,0.16515151515151516,0.30922119565217393,660
2017-07-23,-0.015361057053361882,0.1394269624022592,0.06091921145748855,0.14970930232558138,0.2553971428571428,688
2017-07-24,-0.005487939734689973,0.11898301444326764,0.022471623717023437,0.10476190476190476,0.2990603813559322,630
2017-07-25,-0.08010730199519023,0.09165194045429316,0.13138391768154645,0.1325153374233129,0.26243917525773197,815
2017-07-26,-0.013337543876218105,0.07059562623896537,0.07718050385856122,0.09405255878284924,0.3166165505226481,723
2017-07-27,0.001789580095203469,0.03997275449058089,0.02530560816501334,0.07644305772230889,0.3385151873767258,641
2017-07-28,-0.05479200285854713,0.041949616718037444,0.06163221586878346,0.1048252911813644,0.31053742071881607,601
2017-07-29,0.06558514674144544,0.04598921667835649,0.1501595479875178,0.10638297872340426,0.2932753779697624,564
2017-07-30,-0.037956375622611005,0.046842306398490165,0.059941174950946044,0.09456264775413711,0.23353764705882352,423
2017-07-31,0.029765961195542756,0.05015914457457946,0.05298754731937836,0.0803030303030303,0.31155,660
2017-08-01,0.11231609570908985,0.05901944168088548,0.11263972170891978,0.08386075949367089,0.31482299999999996,632
2017-08-02,-0.030061434442981594,0.06066237647557135,0.05019249428574333,0.06182795698924731,0.3240173701298701,744
2017-08-03,0.024505344308789923,0.060609102625269265,0.03816880387662799,0.07023411371237458,0.34062699386503065,598
2017-08-04,-0.01006912710607022,0.05393952920382137,0.02469506362206627,0.08121827411167512,0.30779423459244537,591
2017-08-05,0.14987914615945885,0.07175550813503957,0.15505802909442176,0.059880239520958084,0.31345356265356267,501
2017-08-06,0.019726548534559463,0.06511213587048417,0.07096590258572784,0.0743801652892562,0.3311905432595573,605
2017-08-07,0.029105380253741764,0.06513379547497873,0.058468047644667315,0.05481120584652863,0.3373188790560472,821
2017-08-08,0.10249283203090132,0.06345555775713649,0.11932747016345159,0.05472636815920398,0.3859628614916286,804
2017-08-09,-0.002500275849123712,0.05902664495606766,0.1412012236480875,0.07092198581560284,0.34025820029027576,846
2017-08-10,-0.0004560724593554166,0.0611675511416319,0.05612518906426155,0.060861423220973786,0.3419193041526375,1068
2017-08-11,0.043840372351476864,0.056885118878112206,0.04996356481217711,0.05128205128205128,0.3299711467324291,1014
2017-08-12,0.005623832608564028,0.03676501791753591,0.03130446610830071,0.05390070921985816,0.31248960817717203,705
2017-08-13,-0.04036373768970691,0.04514934258987628,0.06927954204471569,0.06944444444444445,0.3293003759398496,936
2017-08-14,0.0068206476919014936,0.045159434750739406,0.03487898683972487,0.0657769304099142,0.33670739030023095,1049
2017-08-15,-0.03425223250370968,0.02811967433699951,0.07028458228019524,0.05591397849462366,0.38876874172185427,930
2017-08-16,0.04295456258939434,0.03307677625160388,0.06220428820752249,0.06581986143187067,0.3201194008559201,866
2017-08-17,-0.0026797419605173456,0.03313120318887929,0.03559391488712849,0.05874499332443257,0.35143322033898305,749
2017-08-18,-0.01946216004354151,0.02848181272747302,0.05124677738964063,0.07095926412614981,0.3569393687707641,761
2017-08-19,0.0063601776314881064,0.02853281763768256,0.052278769685635655,0.06995230524642289,0.3831557729941291,629
2017-08-20,0.013305569624694646,0.024644001170994363,0.03319811642083978,0.052545155993431854,0.32376395112016293,609
2017-08-21,0.06689157536975676,0.034958298559134085,0.16578695222157888,0.0611183355006502,0.3191305263157895,769
2017-08-22,-0.021163526602308802,0.03242753059370951,0.09172259805514513,0.06408544726301736,0.28759268292682927,749
2017-08-23,0.008685320956505205,0.02948419287102841,0.03067565249634089,0.045033112582781455,0.37827256198347103,755
2017-08-24,0.02548502503182748,0.029796382650471485,0.0342701729723706,0.05742296918767507,0.35670106194690265,714
2017-08-25,0.019360575225740417,0.02651785478557834,0.03251066354489002,0.07369942196531792,0.35243942133815553,692
2017-08-26,0.00592615558158438,0.026547340414414543,0.021283710990536477,0.09281961471103327,0.3392920353982301,571
2017-08-27,0.04196397927177831,0.028062312167017142,0.040483707413459406,0.09012131715771231,0.32717303609341825,577
2017-08-28,-0.0004196580314809184,0.020138418292292272,0.038986560750404194,0.0890125173852573,0.3493255009107468,719
2017-08-29,0.06590993538041667,0.02331033543133494,0.07464254225783763,0.0871559633027523,0.29944951856946356,872
2017-08-30,0.021091689653729206,0.022420303261696094,0.07247343682187728,0.06644144144144144,0.3269628294036061,888
2017-08-31,0.01204012579697622,0.023001831389477534,0.025856086988226074,0.054778554778554776,0.3535131761442441,858
2017-09-01,0.012267597868747204,0.02337781137575465,0.01715139938937288,0.08051341890315053,0.34972225563909776,857
2017-09-02,-0.09995586949492441,0.052340273600598834,0.15795307870496558,0.04047619047619048,0.34870568181818185,840
2017-09-03,-0.004298191212842917,0.05014640851480665,0.09780744741507631,0.0932475884244373,0.3312748062015504,622
2017-09-04,-0.15054798919005963,0.07617669605114201,0.19356846250525486,0.07533414337788578,0.21040291120815136,823
2017-09-05,0.06036167918192614,0.0751497198187872,0.16899383888811012,0.10098522167487685,0.2684963414634146,812
2017-09-06,0.06821349589712788,0.08142735902275584,0.06745654628029978,0.06043956043956044,0.30702504472271913,728
2017-09-07,-0.01468574758376262,0.08059456710927804,0.040717370173573034,0.06866952789699571,0.30002604895104895,699
2017-09-08,-0.09996417685474102,0.08454847119096634,0.13493360929449083,0.08764367816091954,0.28216628571428576,696
2017-09-09,-0.0070557558172312795,0.07969725977269643,0.04278297093425213,0.07155963302752294,0.3063048780487805,545
2017-09-10,-0.019218388021466692,0.07937062611241606,0.08770545198269519,0.060665362035225046,0.3059313157894737,511
2017-09-11,0.020034852228181466,0.05674094269364366,0.048328671620491315,0.049403747870528106,0.2817704697986577,587
2017-09-12,-0.010416605146178926,0.05036856969818579,0.08134612938534128,0.055077452667814115,0.2819016985138004,581
2017-09-13,-0.04924103928806678,0.03852592304116738,0.10480837227472074,0.09320905459387484,0.30012235294117645,751
2017-09-14,-0.2280810461559657,0.08485031000349211,0.2419925383997205,0.08411214953271028,0.31735741710296683,749
2017-09-15,0.17089589422703177,0.11720061848631315,0.29560311109978327,0.0423861852433281,0.3236180360721443,637
2017-09-16,-0.015738793885405444,0.11711654781506373,0.09714341568518099,0.10154525386313466,0.3282558201058201,453
2017-09-17,0.02120293393208783,0.11808631690710299,0.08849333042039062,0.10926365795724466,0.3175962427745665,421
2017-09-18,0.16583191008308473,0.1363411520776634,0.16362246489664428,0.07111756168359942,0.29087988505747125,689
2017-09-19,-0.036433160623783656,0.13727126491890923,0.07247935052345084,0.06218905472636816,0.33311344537815124,804
2017-09-20,0.003316851411496735,0.13529294322905244,0.045518764714014864,0.06487341772151899,0.3036595744680851,632
2017-09-21,-0.08867921362540321,0.09972132557194424,0.11153584770138378,0.0773109243697479,0.26727342657342656,595
2017-09-22,0.02215953006362259,0.07869490242790467,0.055487190643609755,0.06845637583892618,0.28727347670250897,745
2017-09-23,0.08269835386818425,0.08200501485722046,0.09466401703275101,0.07063197026022305,0.3690602325581395,538
2017-09-24,-0.012877042744231182,0.08322212001421636,0.05176549741653215,0.08571428571428572,0.3556244031830239,490
2017-09-25,0.0348658112658613,0.054635520057031206,0.04124119688304942,0.08446455505279035,0.3089338056680162,663
2017-09-26,-0.01674128196310587,0.05288244981466673,0.023020704217638435,0.06886657101865136,0.27684666666666663,697
2017-09-27,0.06620218270549993,0.057938972396112294,0.07384505656568857,0.07435897435897436,0.3504425774877651,780
2017-09-28,-0.02385904997349686,0.042078659067161975,0.038267883449154945,0.06689536878216124,0.31977069351230425,583
2017-09-29,-0.025699013262926562,0.04573552777797572,0.06736761602548345,0.06372549019607843,0.35262158590308373,612
2017-09-30,0.03430228972677729,0.036514096519392004,0.04409263920728399,0.08256880733944955,0.33766331360946744,436
2017-10-01,0.0028925722319104175,0.0354812413643452,0.026967565933028292,0.09568480300187618,0.3417134803921568,533
2017-10-02,-0.016081390704411835,0.03481671139963547,0.02756531907140286,0.08629441624365482,0.3208657777777778,591
2017-10-03,-0.016848452156871918,0.03482686236749427,0.04026447480120874,0.08884297520661157,0.3472479784366577,484
2017-10-04,0.0006666716755159285,0.021107390676241854,0.029031280533452775,0.08345534407027819,0.3023093495934959,683
2017-10-05,0.010951408144550534,0.020390144676200348,0.031427038856896884,0.09929078014184398,0.3353962121212121,564
2017-10-06,0.04300979108569858,0.023102069379495757,0.047066789817060264,0.07132018209408195,0.3472358299595142,659
2017-10-07,0.008218012755744963,0.020144610279853238,0.026400809423419786,0.07847082494969819,0.33916424870466316,497
2017-10-08,-0.00808677976676564,0.020726630708274612,0.014511643093344408,0.09869646182495345,0.29124632911392406,537
2017-10-09,-0.0363438516042629,0.02485808673318142,0.06844914181774839,0.0712166172106825,0.35245596153846154,674
2017-10-10,0.008332426025044803,0.023774114296503262,0.04361876127347585,0.06891025641025642,0.3431155650319829,624
2017-10-11,0.011958510666258748,0.023907122641836448,0.0175774911162744,0.06423357664233577,0.3278254424778761,685
2017-10-12,0.002240827961958569,0.023798537198859663,0.019311470603280128,0.06554878048780488,0.3510061099796334,656
2017-10-13,0.1138339550517744,0.04689791063149811,0.16094170840572902,0.0907840440165062,0.37043339658444024,727
2017-10-14,0.002571171154553742,0.04706837119065686,0.039182322838205476,0.10841121495327102,0.30533218673218676,535
2017-10-15,-0.008930328432430024,0.04713388700867914,0.06564979453845123,0.04411764705882353,0.3438747549019608,544
2017-10-16,-0.009539650094490315,0.04335860183898978,0.051388309584402034,0.05841121495327103,0.34535194174757283,856
2017-10-17,-0.04889857288227051,0.0501720029141641,0.06506165486969875,0.07105263157894737,0.36536099290780144,760
2017-10-18,-0.008713835796159919,0.05057791090938338,0.08392651724914664,0.051094890510948905,0.3220854304635762,822
2017-10-19,-0.019823769940604974,0.05153556939379846,0.03460944789640349,0.07015130674002751,0.366145155393053,727
2017-10-20,-0.013249463024181618,0.01627885125940699,0.02578835791516959,0.06456043956043957,0.3502346570397112,728
2017-10-21,-0.012562252369423654,0.014420092670675037,0.04006294278324938,0.06794425087108014,0.39032056892778993,574
2017-10-22,-0.015793479162719892,0.01397564593276481,0.04221613888181855,0.09207708779443255,0.3209824873096447,467
2017-10-23,-0.028756530070071395,0.01383901967487942,0.061583258063849344,0.07228915662650602,0.317051821192053,747
2017-10-24,0.03965147321371143,0.0221713400733386,0.10204798972130086,0.06327543424317618,0.33249935275080905,806
2017-10-25,-0.0013509128634999756,0.0223315865686645,0.03729769273185229,0.07916666666666666,0.33772188612099646,720
2017-10-26,-0.004692388331560049,0.02165193778244308,0.01960599390606897,0.06609547123623011,0.3628088424437299,817
2017-10-27,0.003021634014629182,0.02152309715268382,0.017527424425055234,0.09658246656760773,0.3643057312252964,673
2017-10-28,-0.003782491550085698,0.021120004729046175,0.022731325980776665,0.07909604519774012,0.31239817708333334,531
2017-10-29,0.02966610784336643,0.022962819986556516,0.05862046561226672,0.06563706563706563,0.32499820971867005,518
2017-10-30,0.008728610348449184,0.017562867448538976,0.02015871078461449,0.07704654895666131,0.3682643002028398,623
2017-10-31,-0.006082869704185145,0.01256715291495759,0.015189787455901965,0.0712166172106825,0.30482615101289134,674
2017-11-01,-0.046374539149463656,0.02285793642977601,0.051733026030421625,0.06593406593406594,0.323485373608903,819
2017-11-02,-0.014621537106799809,0.023299619572091087,0.043804336062740604,0.06928104575163399,0.3072987868284229,765
2017-11-03,0.06360532115997386,0.03483074114667735,0.07147386092096471,0.06867469879518072,0.32590658307210035,830
2017-11-04,-0.017146927718390437,0.03571222379260782,0.0316844124191323,0.05008635578583765,0.2998584090909091,579
2017-11-05,-0.013998095425220014,0.033954434085340254,0.02084408945370737,0.060650887573964495,0.3532324770642202,676
2017-11-06,0.008873864770041706,0.033963337725707136,0.03946333488455563,0.0737134909596662,0.3343107011070111,719
2017-11-07,-0.01416231191602113,0.0341951866079,0.047141731629833566,0.11171827565270188,0.1725850625459897,1647
2017-11-08,0.048907418098091515,0.03386508319912379,0.08699124060204766,0.1326923076923077,0.15671587548638133,1560
2017-11-09,0.0382243345563702,0.0336686776808771,0.07256231881576368,0.08472998137802606,0.28067191392978486,1074
2017-11-10,-0.06741068978748876,0.039001316438693465,0.09410266539521453,0.0745829244357213,0.28594332925336596,1019
2017-11-11,0.051555070497177446,0.04309735846603922,0.07120567257005374,0.08949880668257756,0.26960342771982115,838
2017-11-12,-0.021523416600156553,0.04380885936383709,0.06558840283540136,0.0748502994011976,0.27601046979865773,1002
2017-11-13,0.028605993401618957,0.04462539157361557,0.06966864285847259,0.08577878103837472,0.3234941441441442,886
2017-11-14,0.0660371068060508,0.04781741026700108,0.073916465713188,0.07391304347826087,0.2828880112834979,920
2017-11-15,-0.012658841109268848,0.04740925912854468,0.03284077409482118,0.10451727192205491,0.2512548387096774,1129
2017-11-16,-0.007298432124120957,0.0462948367582188,0.03764664212638646,0.10912698412698413,0.3291606577344702,1008
2017-11-17,0.0044421110914072415,0.033742582661659595,0.02253701666117583,0.07268170426065163,0.30428447412353926,798
2017-11-18,0.045782975897419975,0.03277394805234556,0.0660551384721924,0.08446866485013624,0.3294033450704225,734
2017-11-19,0.019487206500108156,0.028605337448293883,0.07642751402086023,0.08921438082556592,0.33345803278688524,751
2017-11-20,0.03483214668305634,0.028988962728405326,0.0532287817791003,0.0797872340425532,0.3428865569272977,940
2017-11-21,-0.017257954953505017,0.024401468590906965,0.059266358215393625,0.0911854103343465,0.28973190921228303,987
2017-11-22,0.05619020764405369,0.027592479324414016,0.059040524773018646,0.05560619872379216,0.34509137931034484,1097
2017-11-23,0.07753532472213176,0.03213954303029162,0.12966684596117756,0.04119193689745837,0.3248254975124378,1141
2017-11-24,0.1578507920832266,0.05484162117863661,0.189611649415227,0.04224137931034483,0.3464976543209876,1160
2017-11-25,-0.01818237431914882,0.06128957507511018,0.05074667906511624,0.048144433299899696,0.3294948253557568,997
2017-11-26,0.01083904293833382,0.061957817161829166,0.045317988640691496,0.05555555555555555,0.3387976434426229,1224
2017-11-27,0.019147995398369533,0.06258768021147915,0.05284915120752542,0.0671462829736211,0.3068266194331984,1251
2017-11-28,-0.015515613992236554,0.062320855899664795,0.033574238514830636,0.06481481481481481,0.34020862354892206,1512
2017-11-29,-0.09595856441630657,0.0801673496003498,0.20545086582343508,0.041258380608561115,0.3672511919698871,1939
2017-11-30,0.04582444207240499,0.07717399055584627,0.1490068720902057,0.07452471482889733,0.37316221374045805,1315
2017-12-01,0.04344751960124227,0.048709396716850796,0.0994970802219402,0.07276119402985075,0.3520950532724505,1608
2017-12-02,-0.006625376947928974,0.04824275587740494,0.04195342407342569,0.07156308851224105,0.3394869020501139,1062
2017-12-03,0.005187176307652752,0.048081375182241703,0.06677091364505404,0.05004240882103478,0.366427130977131,1179
2017-12-04,0.009339884498420936,0.04754851494170483,0.04605688826019559,0.045627376425855515,0.30065425605536333,1841
2017-12-05,-0.014723405166739645,0.047512032202807204,0.033804407539368475,0.04854368932038835,0.26657101248266296,1854
2017-12-06,-0.07488542099787465,0.040747253558822735,0.09186694451094271,0.04059040590405904,0.2748759383378016,1897
2017-12-07,0.013579420409123077,0.03644107655064498,0.06329257799878218,0.04899894625922023,0.273206385616863,1898
2017-12-08,0.04977582567527894,0.0378518188066048,0.10045082967832827,0.05633017289459007,0.3110365253077976,1793
2017-12-09,0.03831100972591872,0.040758536862333244,0.10472207586566895,0.05263157894736842,0.312997807435653,1273
2017-12-10,-0.06711905104726235,0.04873043664991871,0.09153130415962493,0.060082304526748974,0.3274580614203455,1215
2017-12-11,0.16620214263684363,0.08197346004061579,0.17682201738610662,0.051515151515151514,0.2945480797636632,1650
2017-12-12,0.2645807079346445,0.1225360619205519,0.2926059706439923,0.04696394686907021,0.3019619389587074,2108
2017-12-13,0.07880496345661459,0.10814612001283859,0.23289441555758272,0.05408015451472718,0.3384852279635258,2071
2017-12-14,-0.009890973138685921,0.1107979477024183,0.12579605127204826,0.05783009211873081,0.34609214285714285,1954
2017-12-15,-0.016337625607957262,0.1159433007557778,0.10923846812954009,0.05651397977394408,0.37470215882806474,1681
2017-12-16,0.017183170031412898,0.11702190837936564,0.05479369930535026,0.05226748654880861,0.3525502782931354,1301
2017-12-17,0.03413628916644207,0.10394023832705786,0.05685996682604446,0.06451612903225806,0.3548184688995215,1271
2017-12-18,0.10371199899640282,0.0974191403341696,0.15891904654743047,0.05033112582781457,0.3387216935483871,1510
2017-12-19,0.040493525693496846,0.0440415620013673,0.12168014604751369,0.03870967741935484,0.3274620433436532,2015
2017-12-20,-0.009357504000222727,0.042139480270393645,0.10762086091917321,0.05960617349654071,0.30208880983182407,1879
2017-12-21,0.002413653449864217,0.040780914026852515,0.107108199893997,0.06390977443609022,0.31394586466165414,1596
2017-12-22,-0.17806551387213443,0.08721751627463022,0.3451326488146839,0.06571815718157181,0.29388794788273614,1476
2017-12-23,0.06597966917686127,0.09056550310608008,0.12353152437133469,0.055790363482671176,0.35943963414634145,1183
2017-12-24,-0.03508405466388176,0.09107396547682735,0.14803488032564072,0.06621392190152801,0.33250167714884693,1178
2017-12-25,0.10327188591216907,0.09098940708778731,0.11969465216856506,0.06345957011258956,0.34625637254901964,977
2017-12-26,0.010448758247168177,0.08937383686703532,0.03386952674859911,0.050623052959501556,0.3761825922421949,1284
2017-12-27,-0.014207168670765769,0.08942505962384281,0.06560249782875448,0.07174556213017752,0.33688441203281677,1352
2017-12-28,-0.03384576413487361,0.08987419857785826,0.08151575078057195,0.05100574712643678,0.3397721811460259,1392
2017-12-29,0.022480939531171584,0.051940243446006604,0.05471317707140926,0.048658764815970056,0.33812648,1603
2017-12-30,-0.048215694835871514,0.05192834211310857,0.09098251448017788,0.06661442006269593,0.31498013500482164,1276
2017-12-31,0.055037387017935036,0.052745327336035305,0.07052535714428229,0.06716417910447761,0.36467465690759376,1340
2018-01-01,0.021021972908692454,0.03590409332681515,0.05362305602919478,0.07326007326007326,0.3540941302027748,1092
2018-01-02,0.14470236473019638,0.06519384851376853,0.18448209385126743,0.056140350877192984,0.32325183795948986,1710
2018-01-03,0.08850306368270755,0.06746882258623887,0.11966142159288942,0.04418103448275862,0.3156729458917836,1856
2018-01-04,0.018906875229675046,0.06105100420615024,0.10293502969462709,0.04933148916551406,0.29563951108584424,2169
2018-01-05,0.01712467829549147,0.06138668639695114,0.12202408653999487,0.033846153846153845,0.3091152607855763,1950
2018-01-06,0.044060542335161434,0.046864504769774815,0.06640977397614266,0.04288164665523156,0.3026999276410999,1749
2018-01-07,0.10702901513495044,0.050717889826201706,0.10561742758773401,0.05448717948717949,0.3174529898218829,1872
2018-01-08,-0.004023703765773545,0.054888872348572086,0.21660081829870928,0.05222872579918955,0.31413027574563873,2221
2018-01-09,0.13165520890217097,0.051637531176600374,0.15313262673158815,0.0934656741108354,0.26520419828022257,2418
2018-01-10,-0.03379140772407818,0.05952783775531158,0.14671550080101498,0.05098324836125273,0.29269914337240754,2746
2018-01-11,-0.08033786441784574,0.07518626219464287,0.15939721181536712,0.06566416040100251,0.26878564263322885,1995
2018-01-12,0.10240438118394057,0.08025445352631624,0.1519050214613008,0.062097246631517285,0.34369619799139167,1707
2018-01-13,0.09677984409281803,0.08331761755845067,0.12783461075417588,0.040803108808290155,0.3590273940345369,1544
2018-01-14,-0.021232883717588247,0.08166271461282572,0.08182592899680755,0.061887254901960786,0.3334249617151608,1632
2018-01-15,-0.054764133333615295,0.08698991170647151,0.07324147427530936,0.06778770362585392,0.33182382506527414,1903
2018-01-16,-0.18440003594300347,0.10042428690158241,0.32266388711162264,0.045785639958376693,0.29236228419654714,1922
2018-01-17,-0.037430310242557496,0.10048648402125959,0.29143158022833776,0.0687061183550652,0.319861797752809,1994
2018-01-18,0.021720512000887426,0.09860174487545749,0.13040719187303126,0.07217125382262997,0.34212940711462453,1635
2018-01-19,0.0027212203355044817,0.08587220469090667,0.0870025401949658,0.06521739130434782,0.3429984896661367,1610
2018-01-20,0.11168323698859184,0.08950912200979272,0.11690515324939615,0.0822884012539185,0.3238586998087954,1276
2018-01-21,-0.09139078572321879,0.09312020300043534,0.11610484517756148,0.07237299930410578,0.340155096882898,1437
2018-01-22,-0.044131889163750326,0.09279452108466106,0.15005349070670482,0.0541838134430727,0.38152713310580205,1458
2018-01-23,-0.016975665025539155,0.06393731797628521,0.10226356512260266,0.06451612903225806,0.34826715731370744,1395
2018-01-24,0.07356407599374659,0.06890189053487344,0.0978574275768654,0.060486522024983565,0.3350642683912692,1521
2018-01-25,-0.002597328929434206,0.0687176195101002,0.06576253820652217,0.05249343832020997,0.33246852659110726,1524
2018-01-26,-0.0008143569100705905,0.06874754150823635,0.07962000844646502,0.061430793157076204,0.34129661190965094,1286
2018-01-27,0.04918629242898653,0.055180561316458994,0.07564289401051387,0.06369426751592357,0.3328519114688129,1256
2018-01-28,0.12550251584574879,0.05916428173808634,0.13131193796197746,0.06724511930585683,0.3253058118081181,1383
2018-01-29,-0.05108307631170139,0.06058373347824696,0.07028154211030253,0.06051344743276284,0.29423701039168665,1636
2018-01-30,-0.09407454738560306,0.0748656703248894,0.10612013348326334,0.06330935251798561,0.3098355113636364,1390
2018-01-31,0.04404699102436438,0.07173317102958737,0.08791048108417955,0.0722361809045226,0.28775222135619644,1592
2018-02-01,-0.07289572234895747,0.07840520650711318,0.15770567964957544,0.08455114822546973,0.2683732634338139,1916
2018-02-02,-0.11671125431279883,0.08998321533665522,0.2681966400110748,0.0784313725490196,0.2952637059724349,1632
2018-02-03,0.05266957878057399,0.09041608339519035,0.15693131495660192,0.05537190082644628,0.3278465979381443,1210
2018-02-04,-0.1341643448122566,0.07451775623909905,0.16997363636458906,0.0821917808219178,0.3082464240903388,1022
2018-02-05,-0.16381210682223513,0.08538010203966097,0.2539612712092436,0.0664,0.2814396586345381,1250
2018-02-06,0.13635774150214797,0.11388874746209043,0.3137041297606056,0.07854984894259819,0.28685110683349374,1324
2018-02-07,-0.045458347759196216,0.10824139448090633,0.1616428470162995,0.06997742663656885,0.3503363905325444,1329
2018-02-08,0.08022927163773819,0.11770101196312677,0.11807078835371884,0.08710503842869342,0.3491679956896552,1171
2018-02-09,0.0807745383034546,0.11634969092032081,0.11627656902590279,0.09046454767726161,0.3096984682713348,1227
2018-02-10,-0.026531215136014308,0.11431424667479963,0.10405261627911452,0.1190253045923149,0.32635158264947245,1067
2018-02-11,-0.05317783401179732,0.10326124950982778,0.08270339860383845,0.13021363173957273,0.27877509933774836,983
2018-02-12,0.06634301285441135,0.07463887645609867,0.07147210354808047,0.06771799628942486,0.32280822561692124,1078
2018-02-13,-0.02699296242955418,0.061754830023906616,0.048167887976332265,0.07426597582037997,0.31209781553398064,1158
2018-02-14,0.09263796251877832,0.06285744587079398,0.09730198811267882,0.06387035271687322,0.3363719131614654,1049
2018-02-15,0.01452534206013456,0.05897421351933485,0.04420887305447213,0.061823802163833076,0.2878425485961123,1294
2018-02-16,0.007720591228926654,0.05279009546416179,0.03440036762677702,0.0640713706407137,0.3225580717488789,1233
2018-02-17,0.03167194539962703,0.050492108240100836,0.03793704026893528,0.07739938080495357,0.3111129411764706,969
2018-02-18,-0.05152776646473933,0.050101535793643806,0.069335845767462,0.07360672975814932,0.3102338912133891,951
2018-02-19,0.021586227917661738,0.0457488923622375,0.0393015275079488,0.0698869475847893,0.36125133239831697,973
2018-02-20,-0.05137813040682537,0.05001386491043386,0.07663582330022425,0.07937956204379562,0.328745125,1096
2018-02-21,-0.05070519909052951,0.038153160291015065,0.09149849947173774,0.08957528957528957,0.29034557894736845,1295
2018-02-22,-0.04367918109574076,0.03796487829487824,0.08626076939924553,0.07706592386258125,0.3477198986058302,1077
2018-02-23,0.06316586437311411,0.048816872412793026,0.11277558735205291,0.06874328678839957,0.3363454128440367,931
2018-02-24,-0.027394482597627334,0.04506061301033163,0.07077705694251672,0.0748792270531401,0.27680766550522645,828
2018-02-25,0.005109941922925243,0.04351228020874363,0.0366486215778671,0.06768837803320563,0.3154471986417657,783
2018-02-26,0.029006528040170565,0.04454221074115997,0.045042055276739615,0.07547169811320754,0.33209802955665024,901
2018-02-27,0.010295476532516501,0.04115812840946005,0.033505469121461705,0.06350914962325081,0.35313348484848484,929
2018-02-28,-0.026263188962655115,0.03718537930912005,0.03984803745753852,0.08868501529051988,0.31335969101123595,981
2018-03-01,0.019879628136089567,0.03167745746055503,0.03315609857059689,0.06639427987742594,0.36039560283687944,979
2018-03-02,-0.017595717322184234,0.02277273526908438,0.027479907730810084,0.07904191616766468,0.35641477832512314,835
2018-03-03,0.00043408639548481176,0.019604575809609028,0.015462634774211715,0.08706786171574904,0.3902962897526502,781
2018-03-04,0.011027446935081509,0.01983787318871877,0.03231772505792801,0.06914893617021277,0.3389647706422019,752
2018-03-05,-0.014992832218669427,0.017343595125974828,0.018919119684299365,0.06,0.3260806873977087,850
2018-03-06,-0.04302883891833775,0.021915721543814503,0.05139975600729646,0.06892230576441102,0.31204506283662475,798
2018-03-07,-0.07848695454029408,0.03393645699647954,0.12135675288310346,0.05543478260869565,0.3474874811463047,920
2018-03-08,-0.06407146591759161,0.03333822690914251,0.10311070293221437,0.07268722466960352,0.2977231527093596,908
2018-03-09,0.03451624340428783,0.041312288668291994,0.11542203790492808,0.06269270298047276,0.32535032154340837,973
2018-03-10,-0.05765547755260303,0.04186526525522868,0.08948175870806041,0.0436046511627907,0.36006385281385284,688
2018-03-11,0.05306377124736228,0.05084688732516996,0.09879880500370132,0.078125,0.3193308333333333,640
2018-03-12,-0.032499278975160695,0.050738676030654364,0.08178558874510361,0.09429569266589057,0.36391297208538587,859
2018-03-13,-0.012865916723850401,0.05041847305964655,0.04495434250836083,0.08522727272727272,0.3121633738601824,880
2018-03-14,-0.11078896427181517,0.05738593125799192,0.1572352928918396,0.08120649651972157,0.3312105348460292,862
2018-03-15,-0.004862515380696153,0.05537123400638544,0.06686469737195257,0.07330415754923414,0.3549690048939641,914
2018-03-16,-0.015766296694039172,0.05034634792165445,0.0577105247327513,0.06299212598425197,0.36316492537313433,889
2018-03-17,-0.08125275926548226,0.053516345204411994,0.09981251569811764,0.058823529411764705,0.30061995249406176,561
2018-03-18,-0.025570815783266365,0.03986152131740195,0.1659633085381826,0.054242002781641166,0.2992976149914821,719
2018-03-19,0.03356954102613363,0.04887800764940061,0.07130467891630368,0.0663265306122449,0.316190306122449,784
2018-03-20,0.0008064552378872492,0.04998759706140381,0.08242183461565124,0.06635622817229336,0.3409444259567388,859
2018-03-21,0.008178771365797477,0.03580711395878626,0.06981751895730974,0.06470588235294118,0.3630730633802817,850
2018-03-22,-0.03921793394776052,0.03698049999099152,0.09691637848586102,0.060240963855421686,0.31497916666666664,830
2018-03-23,-0.00015380304027901026,0.037536479840972324,0.05253172027268265,0.0623342175066313,0.4010831215970962,754
2018-03-24,-0.02442462593535144,0.02473155313162982,0.035575004218596634,0.05693950177935943,0.3633754257907542,562
2018-03-25,-0.004087916108816425,0.023288571182168198,0.03857254921378681,0.059245960502693,0.3940433333333333,557
2018-03-26,-0.06549084636206115,0.02676294183507493,0.10669543061992859,0.045714285714285714,0.31224251290877797,875
2018-03-27,-0.08130403319532953,0.03421953544048418,0.0847403069959098,0.05725567620927937,0.24166725403817915,1013
2018-03-28,-0.008524481774014991,0.03163933044911499,0.04741379865401435,0.06856540084388185,0.288759649122807,948
2018-03-29,-0.135141930856003,0.05049716301334002,0.14506499632693542,0.06747230614300101,0.2736994851994852,993
2018-03-30,0.022481144146910603,0.054460699404676245,0.10701076721169207,0.07411273486430063,0.2752718963165075,958
2018-03-31,0.004591498103722502,0.05709359174167562,0.06459424277408053,0.046365914786967416,0.37370956521739135,798
2018-04-01,-0.04250147196889431,0.05507766816667294,0.09244217217201883,0.045454545454545456,0.2743346473029046,638
2018-04-02,0.017960662634167734,0.05849982734409732,0.04629457199610147,0.08217592592592593,0.3502257943925234,864
2018-04-03,0.07884587834785961,0.06665065155178544,0.09149206079032612,0.08744186046511628,0.2736742209631728,1075
2018-04-04,-0.087192650476692,0.07291503151048756,0.10123291063927914,0.059267241379310345,0.3353936274509804,928
2018-04-05,0.007066206359006122,0.05247917468483502,0.04711181907495122,0.10649627263045794,0.3077243421052631,939
2018-04-06,-0.03378369016224003,0.05280180886703411,0.04777244899635594,0.0761904761904762,0.26850731707317077,945
2018-04-07,0.040587632635845416,0.05587955822030426,0.06243043775302295,0.09494640122511486,0.33957873684210527,653
2018-04-08,0.03943277541723589,0.054726412378751824,0.04403970023166216,0.09567901234567901,0.30514279661016946,648
2018-04-09,-0.004948701775362996,0.054785388241944816,0.09639602712751104,0.09988518943742825,0.30784451313755795,871
2018-04-10,0.039437854643072034,0.0475673376879322,0.05510364535194485,0.04060324825986079,0.301209982788296,862
2018-04-11,0.03934163430370696,0.02947363139455633,0.04353724319094217,0.0654320987654321,0.26741371841155237,810
2018-04-12,0.14493659064925746,0.05544576627131866,0.17585280311826035,0.07125,0.3225804753820034,800
2018-04-13,-0.0004179489349039889,0.049360736218817404,0.08883724104908984,0.06717363751584284,0.38072120658135283,789
2018-04-14,0.01774384148582686,0.05026468734973642,0.048205359057385815,0.06293706293706294,0.36570377833753154,572
2018-04-15,0.06026990163533519,0.050882853883445545,0.057313914262940725,0.08173076923076923,0.34129955849889626,624
2018-04-16,-0.03865891453120862,0.057295273073239415,0.06380131918559032,0.08146399055489964,0.3809110754414125,847
2018-04-17,-0.016146021929808296,0.06073397276606917,0.030259536590478964,0.058823529411764705,0.38547161904761906,765
2018-04-18,0.04353797911985402,0.060866933906558694,0.043804038810909766,0.05695364238410596,0.35261875,755
2018-04-19,0.08212819907753133,0.04319487479960332,0.08515976132327441,0.050997782705099776,0.3297684118673648,902
2018-04-20,0.08422251964757099,0.04773970460583055,0.10287524129780685,0.04416403785488959,0.32185922480620155,951
2018-04-21,-0.016765788481235333,0.05126550208933686,0.07035345663805592,0.06555269922879177,0.32281160220994476,778
2018-04-22,0.027197061900256836,0.04932275208732403,0.07737425954019561,0.09475032010243278,0.2897186440677966,781
2018-04-23,0.03326792006001633,0.040963720277471326,0.0413153274739994,0.06374501992031872,0.27849113018598,1004
2018-04-24,0.10210917951504506,0.041258325761295185,0.10176747316992983,0.09211775878442545,0.29083261183261183,1053
2018-04-25,-0.13096230187712377,0.08047057853923696,0.15111833877393271,0.08695652173913043,0.3162031073446328,1081
2018-04-26,0.07700970427779485,0.07989553795681299,0.09573859198223507,0.06889352818371608,0.28286181506849317,958
2018-04-27,-0.023803294877443815,0.07696366605438099,0.057144666562227345,0.06942889137737962,0.3009,893
2018-04-28,0.056637070638348774,0.0777497875098477,0.07259181130629544,0.0673854447439353,0.3022528599605523,742
2018-04-29,0.007610312300824429,0.07780876340715859,0.03983404511502231,0.07776261937244201,0.35690640301318266,733
2018-04-30,-0.027518498442252626,0.07912483629141122,0.04106063121251688,0.06152125279642058,0.3489195246179966,894
2018-05-01,0.005506542207561971,0.06772645586575252,0.054981462677871636,0.04809619238476954,0.3309727848101266,998
2018-05-02,0.020094640725431878,0.03883125126276248,0.03177984153449315,0.047619047619047616,0.34168127925117003,1134
2018-05-03,0.1344599857403077,0.0560181914658839,0.14237005657426202,0.047818791946308725,0.3286218611521418,1192
2018-05-04,0.007800715829600291,0.05262726130924397,0.05292903523476584,0.04,0.3625683937823834,900
2018-05-05,0.03881751419243118,0.051499327542181055,0.05508406012844501,0.05154639175257732,0.3177438,776
2018-05-06,-0.029173431772959946,0.05549153560098296,0.08598828819778363,0.04918032786885246,0.3334513333333333,671
2018-05-07,-0.048700573127871905,0.05906771732848419,0.10787320205951748,0.055876685934489405,0.27980044313146235,1038
2018-05-08,-0.0011515884243125107,0.05936282793346592,0.06108536032991362,0.0666049953746531,0.3186926934097421,1081
2018-05-09,-0.000773015617775874,0.059730689288772634,0.054531676181934045,0.045,0.3658320907617504,1000
2018-05-10,-0.03322993062872104,0.029627100454153826,0.05326216313143177,0.044538706256627786,0.398343288590604,943
2018-05-11,-0.06557471290411643,0.03498664801019305,0.09236695560326601,0.04665825977301387,0.3492183505154639,793
2018-05-12,0.009508693692230619,0.027793090263389535,0.06963764144428636,0.05755395683453238,0.2983375,695
2018-05-13,0.06916134129170404,0.044602632577264434,0.09603527946229513,0.050381679389312976,0.341544938271605,655
2018-05-14,-0.004017691388885858,0.041228832225397374,0.06329453231412654,0.05310880829015544,0.32370064655172415,772
2018-05-15,-0.029673627939467928,0.04232685853508925,0.05205138605762044,0.043478260869565216,0.38146294416243653,966
2018-05-16,-0.0025688509749314248,0.042282588921830844,0.039061580786998194,0.055487053020961775,0.3604072834645669,811
2018-05-17,-0.048642961551353725,0.04417112371722341,0.07054854285821817,0.05056759545923633,0.3711779436152571,969
2018-05-18,0.0322750265587568,0.03891851168352011,0.0464542366183066,0.056485355648535567,0.3107930116472546,956
2018-05-19,0.003115103236056349,0.038834958577509564,0.041415833776796744,0.08210180623973727,0.3097254278728606,609
2018-05-20,0.027046916091782336,0.028810345498670068,0.04453784378697684,0.07085346215780998,0.36221411764705885,621
2018-05-21,-0.022571614471119772,0.02973571996294206,0.03734559154549851,0.06415620641562064,0.3739668131868132,717
2018-05-22,-0.07362605602477545,0.03884682291858358,0.08133648008715706,0.07080745341614907,0.2808551724137931,805
2018-05-23,-0.09904576536402399,0.050309015979098856,0.12167560276541621,0.07012987012987013,0.272671875,770
2018-05-24,0.031135108383487653,0.05325399521264219,0.091717188550501,0.06854838709677419,0.32108454332552694,744
2018-05-25,-0.02496197949633261,0.04910306542692247,0.06902373147858103,0.1159235668789809,0.35181284403669727,785
2018-05-26,0.0009306099520749456,0.04891824044437171,0.038580115431778174,0.11447811447811448,0.30044771428571426,594
2018-05-27,-0.024880804356984032,0.043723029719859745,0.0466627713354099,0.09023941068139964,0.3248763779527559,543
2018-05-28,-0.09889153243676252,0.05043661684010062,0.11080632615424264,0.07467911318553092,0.25741818181818177,857
2018-05-29,0.09563671666075857,0.06938850813006185,0.10872068802376246,0.10585585585585586,0.2531340356564019,888
2018-05-30,-0.010254857952048058,0.059306629164793394,0.06651898261895789,0.06538461538461539,0.3124450106157112,780
2018-05-31,0.03226467915673248,0.05942107813309895,0.05097976430570875,0.07085714285714285,0.33797212806026367,875
2018-06-01,0.004151356235782444,0.05874959142796805,0.037029681165298936,0.078125,0.3085444889779559,832
2018-06-02,0.020282898007681904,0.05926197049496696,0.034035178005201255,0.0946822308690013,0.29138305084745764,771
2018-06-03,0.044813515257948744,0.05972522327145251,0.0562427462172214,0.0776255707762557,0.22983972911963882,657
2018-06-04,0.003243309298792685,0.0355324662337344,0.006444367216439557,0.07080610021786492,0.3433796703296703,918
2018-06-05,-0.017783042337876975,0.02261638013308825,0.051142088487878504,0.07011070110701106,0.352504732510288,813
2018-06-06,-0.00357614381503335,0.0216943352605929,0.024984365206303285,0.061004784688995214,0.3232994328922495,836
2018-06-07,-0.003190471211685475,0.020241312691771988,0.02378031534461528,0.06282722513089005,0.3599821585903084,764
2018-06-08,-0.006791264967711652,0.02089630428587086,0.021831876315756456,0.05747126436781609,0.3896373576309795,696
2018-06-09,-0.0058478605806049355,0.020089051697159865,0.018340662095298648,0.060498220640569395,0.28593764367816094,562
2018-06-10,-0.11895503130803131,0.043283073814135056,0.13873418166078863,0.08072487644151564,0.3049204545454546,607
2018-06-11,0.01292547779723252,0.0443596618225928,0.041133088591235184,0.08591549295774648,0.3014824884792627,710
2018-06-12,-0.06833321411304849,0.04783014119593751,0.08957975215387536,0.07263064658990256,0.2522820168067227,1129
2018-06-13,-0.03894389078102023,0.04671443572062965,0.08614347375780555,0.09236947791164658,0.3154475054229935,747
2018-06-14,0.08847863515742826,0.06546323068999332,0.11722659990641332,0.0787321063394683,0.32303366336633665,978
2018-06-15,-0.05529283057520007,0.0664363886831617,0.06500922188154806,0.05445026178010471,0.3186795275590551,955
2018-06-16,0.017592525777704537,0.06822151226174265,0.029305808392241794,0.059248554913294796,0.23389565217391306,692
2018-06-17,0.0016131545359614474,0.05369585031490667,0.018005408062416205,0.05216095380029806,0.31225105882352944,671
2018-06-18,0.036852966214226957,0.055820556729801435,0.05552854468478137,0.06793478260869565,0.2708140589569161,736
2018-06-19,0.03674370788247261,0.0488882171634779,0.05017314282898756,0.08187919463087248,0.29034819004524887,745
2018-06-20,-0.0031395909658454846,0.04427188009763378,0.04019638934298211,0.08859357696567,0.353037072243346,903
2018-06-21,-0.016598045916314752,0.032449626849682535,0.03627200270151158,0.059393939393939395,0.34498911111111114,825
2018-06-22,-0.11671192508748074,0.05268651303049284,0.13337966593750303,0.0801068090787717,0.3405376528117359,749
2018-06-23,0.01868330951789421,0.05277027858506031,0.035893043371064026,0.09108910891089109,0.24791570512820513,505
2018-06-24,-0.035505336621158845,0.05372474831881998,0.10297664142360519,0.06532663316582915,0.24776555269922879,597
2018-06-25,0.005763954327961285,0.05024503277465272,0.04704168529922555,0.06827880512091039,0.2633402144772118,703
2018-06-26,-0.05982488872902281,0.04652596619590202,0.06172991605985154,0.057766367137355584,0.3122766968325792,779
2018-06-27,0.0221663762679849,0.049794697277158045,0.04489136403011008,0.041176470588235294,0.3236735632183908,680
2018-06-28,-0.04521153446027093,0.05006758565058033,0.054116071121172955,0.0460431654676259,0.3273617582417582,695
2018-06-29,0.03230384327907476,0.03709985959232737,0.08009240192212527,0.04954954954954955,0.3662541966426859,666
2018-06-30,0.04396925263519935,0.04122397108670054,0.051782474471008866,0.04481132075471698,0.306204,424
2018-07-01,-0.0027725151116183566,0.039009261233285394,0.023622595672171138,0.06263048016701461,0.30037892720306514,479
2018-07-02,0.047208935601310786,0.04305636966453521,0.07055380960343796,0.07012622720897616,0.2688599088838269,713
2018-07-03,-0.023460709532652446,0.03538465423394306,0.04474680319923988,0.05923836389280677,0.30407349665924277,709
2018-07-04,0.006727745431606591,0.035022901394639726,0.05655704075799988,0.072,0.2533524547803617,625
2018-07-05,0.015180228975495202,0.02585529164316533,0.03979569045579748,0.04821150855365474,0.32979575596816973,643
2018-07-06,-0.0008431361500211842,0.025624438240664203,0.04645660983546795,0.07777777777777778,0.3523970515970516,720
2018-07-07,0.037231147100327044,0.024329789311532953,0.05236502101843856,0.08075601374570447,0.30330812324929973,582
2018-07-08,-0.005168237412181975,0.024576739164807272,0.030040590212845563,0.036608863198458574,0.30299341692789966,519
2018-07-09,-0.025427312178395,0.021922845696981292,0.03206730973903109,0.07474226804123711,0.28081995133819954,776
2018-07-10,-0.08865028467488911,0.040133122714352834,0.09315737688362544,0.10734463276836158,0.2861501968503937,885
2018-07-11,0.027839147533176067,0.04222505121518632,0.0409859737770182,0.1212484993997599,0.30114496788008566,833
2018-07-12,-0.036827182882431364,0.042515028806785954,0.05306138796744505,0.07898894154818326,0.33835706666666665,633
2018-07-13,0.009191448175140504,0.04316224716067055,0.026981432809411267,0.07680722891566265,0.2892990675990676,664
2018-07-14,0.004743922475744844,0.03852287678529924,0.01831942506763087,0.12156862745098039,0.24614121037463976,510
2018-07-15,0.03156259915368276,0.04258390010752906,0.04606744766908419,0.14025500910746813,0.1857173684210526,549
2018-07-16,0.06848501273869467,0.05122719112534485,0.07517341681576714,0.12567567567567567,0.2947537473233405,740
2018-07-17,0.042325364609621996,0.03320544740974804,0.0830387429080002,0.0653950953678474,0.38826018735363,734
2018-07-18,-0.04089607046040433,0.04027264917011004,0.07801719042654177,0.05170068027210884,0.371409900990099,735
2018-07-19,-0.022671628946832723,0.037732877584752245,0.037654885468045324,0.07397622192866579,0.28369491916859124,757
2018-07-20,-0.04029008722429517,0.042900626574645905,0.05457837470719094,0.047619047619047616,0.3522169191919192,714
2018-07-21,0.02604406197202258,0.04353254127339408,0.049496443253095,0.08384458077709611,0.33777867647058823,489
2018-07-22,-0.006009462220337269,0.04262585025913648,0.027634023459652605,0.0823293172690763,0.3984061855670103,498
2018-07-23,-0.019153446734116897,0.03203375656820716,0.04361404797375159,0.0764872521246459,0.31782932692307697,1059
2018-07-24,0.06325784505008891,0.0380070823847186,0.0677777804836037,0.05595854922279793,0.31761345707656613,965
2018-07-25,-0.014352027687057012,0.03512191764292182,0.034160882029059314,0.048582995951417005,0.34853941018766754,741
2018-07-26,-0.01789661214990179,0.03469461410285975,0.047153380729013136,0.05166051660516605,0.320177479338843,813
2018-07-27,0.012130493811269849,0.03021975335492281,0.03217825445085185,0.050221565731166914,0.26692559366754615,677
2018-07-28,-0.005893496530022357,0.02913135975612643,0.018321020578359076,0.09020217729393468,0.34942148760330577,643
2018-07-29,-0.0004990419832230364,0.02896144076817746,0.01637124914322589,0.07233273056057866,0.3242264615384615,553
2018-07-30,-0.02053723413886055,0.029138165717875836,0.04136650193754855,0.037037037037037035,0.3886289855072464,756
2018-07-31,-0.050787497183212627,0.019757500651335483,0.05861409091406136,0.06687898089171974,0.4027689119170984,628
2018-08-01,-0.030239681745788505,0.020698002251021388,0.05760494527149899,0.06591865357643759,0.4035719346049046,713
2018-08-02,-0.019313269019149315,0.020723739472815524,0.034992371781771094,0.07244094488188976,0.3331692520775623,635
2018-08-03,0.01367114131369962,0.021082912460458986,0.05002581398900046,0.03852080123266564,0.31781832460732984,649
2018-08-04,-0.026323213679463997,0.020826280780585113,0.039236126884995746,0.03731343283582089,0.35099577464788734,536
2018-08-05,0.008014693604942336,0.022293720265486438,0.02770126624540315,0.07906976744186046,0.38418112449799197,430
2018-08-06,-0.00939792846076648,0.022473496082700366,0.02734023923013789,0.043410852713178294,0.31269043209876546,645
2018-08-07,-0.06502515627382233,0.026410291865902054,0.08684344433764907,0.05493133583021224,0.28164884393063583,801
2018-08-08,-0.06207540470523254,0.031116162927664556,0.07090699461952348,0.05111402359108781,0.3127609375,763
2018-08-09,0.025167338263047068,0.036115894333808164,0.048552963686125904,0.07037037037037037,0.36369168591224016,810
2018-08-10,-0.08592185739138058,0.04144262074666277,0.10240967149293558,0.03586206896551724,0.3324359493670886,725
2018-08-11,-0.03610073733601449,0.04143157294663277,0.07711270133786471,0.044326241134751775,0.3664612426035503,564
2018-08-12,-0.007891665010927973,0.03923700925205183,0.031132431278306106,0.08026030368763558,0.3378909090909091,461
2018-08-13,-0.10349845104358979,0.044925470803214025,0.12059898191811612,0.052873563218390804,0.2867437389770723,870
2018-08-14,-0.026398366463638023,0.044844540315564764,0.11075026626857333,0.05735140771637122,0.27762560975609757,959
2018-08-15,0.012304074111252783,0.048096366976311714,0.08370930178645924,0.04737516005121639,0.2847319654427645,781
2018-08-16,0.02012296185066087,0.04712928944196739,0.0620638676385809,0.06728538283062645,0.3329212550607287,862
2018-08-17,0.09610617748554051,0.060927805464295985,0.10019361588971198,0.04884318766066838,0.33078350785340316,778
2018-08-18,-0.06308258031413005,0.06389532695650993,0.10699483255521791,0.05411255411255411,0.3634424124513619,462
2018-08-19,0.016976998904709717,0.06473954403159768,0.05332296140967977,0.03909465020576132,0.30186209386281593,486
2018-08-20,-0.08815160520419896,0.06107444157337905,0.10239862499626716,0.06278713629402756,0.37871875,653
2018-08-21,0.027811093086415273,0.061284612616815864,0.046240638639598174,0.05737704918032787,0.3326478527607362,610
2018-08-22,-0.037606758788979455,0.06292429040435246,0.11521874822674913,0.0712290502793296,0.2962121212121212,716
2018-08-23,0.02123895762159056,0.06299689344142818,0.031117064339020038,0.06027397260273973,0.32348133640552995,730
2018-08-24,0.0211581211386338,0.04769442603283606,0.033950473012574145,0.06616541353383458,0.3915607894736842,665
2018-08-25,-0.011736350881904833,0.04266452846701485,0.017805641747946323,0.08193668528864059,0.38625290322580647,537
2018-08-26,-0.015909399741101282,0.04135062688703714,0.02533226008407105,0.04612159329140461,0.34407898089171973,477
2018-08-27,0.0378129122047115,0.02782638015566578,0.04341020519339034,0.06259314456035768,0.33881760391198046,671
2018-08-28,0.03815085975987653,0.02940026953221903,0.048240182243789356,0.07391304347826087,0.3034314136125654,690
2018-08-29,-0.024239542123244973,0.026239869436731712,0.0330358620084212,0.0817174515235457,0.39577650602409636,722
2018-08-30,-0.017997870810750993,0.02747516327337112,0.05532988441879802,0.03959131545338442,0.34244030303030304,783
2018-08-31,-0.0038753277837418887,0.02646367803756844,0.021251583837815047,0.05006954102920723,0.27924772727272723,719
2018-09-01,0.04359302342016358,0.030255498429445565,0.062251319242599634,0.03915171288743882,0.3332920245398773,613
2018-09-02,-0.0032843391198649208,0.02892444747552604,0.026264752769475996,0.03547671840354767,0.3548840148698885,451
2018-09-03,-0.017365841064506893,0.027576060612650048,0.027640667929168857,0.040880503144654086,0.3658593373493976,636
2018-09-04,-0.012224338741404717,0.022765755804127746,0.025319999861733746,0.027662517289073305,0.34638101604278076,723
2018-09-05,-0.1868663005778325,0.0730506012845906,0.1951860721215194,0.06089309878213803,0.362009726443769,739
2018-09-06,-0.009107695486181289,0.07333605451635655,0.05884790716949857,0.05061349693251534,0.3257047381546134,652
2018-09-07,-0.056521078122624524,0.07326652022211264,0.07328294159932036,0.0586145648312611,0.3334483870967742,563
2018-09-08,-0.0886359764828295,0.06649792717968366,0.12439883989867472,0.054982817869415807,0.2889930362116992,582
2018-09-09,-0.005188152623629039,0.06626212979736833,0.09758802328805094,0.060064935064935064,0.23008559556786704,616
2018-09-10,0.0007871056854420466,0.06824669183522183,0.06216294079888404,0.03818615751789976,0.37631954022988506,838
2018-09-11,-0.060955251447389114,0.06606997014489786,0.09037375679316972,0.04748982360922659,0.28353440366972477,737
2018-09-12,-0.009375033771735541,0.0352929974608036,0.08267582770206493,0.049102927289896126,0.2784799027552674,1059
2018-09-13,0.15285467269583441,0.07916707933664863,0.1650869179383599,0.056626506024096385,0.35923771289537715,830
2018-09-14,0.0018689024101743446,0.07642499268500388,0.08427650480323884,0.038497652582159626,0.37166534954407293,1065
2018-09-15,0.053483133332388855,0.06771799752226154,0.08101461294289238,0.04066161268090972,0.2526957831325301,1451
2018-09-16,-0.011139801142221906,0.06810953442410686,0.05244543385861053,0.0286368843069874,0.34539875000000003,873
2018-09-17,-0.10296977637144189,0.08233883101459515,0.13066494570858644,0.0945945945945946,0.401139696969697,814
2018-09-18,0.06114971572962724,0.0793123995656884,0.08839899540830565,0.07927519818799547,0.3509002631578947,883
2018-09-19,-2.857483033691377e-05,0.07879597270923307,0.058313282920867716,0.035653650254668934,0.34104833836858006,589
2018-09-20,0.06963885144949966,0.05977603296607706,0.08097941870197074,0.05699481865284974,0.3293259375,579
2018-09-21,0.09792467195925036,0.06798360105701906,0.1190716134445574,0.03379224030037547,0.28104358974358973,799
2018-09-22,-0.02475424196217113,0.06875706203155452,0.07029275846314946,0.05602716468590832,0.34634082397003746,589
2018-09-23,0.016009647371922897,0.06794038711289459,0.039864393838799625,0.07142857142857142,0.4108905405405405,448
2018-09-24,-0.06384807432570716,0.05721754459287093,0.07195602097662183,0.03898305084745763,0.36615546558704454,590
2018-09-25,-0.04470336204258296,0.059192195688624924,0.09563914911508489,0.047619047619047616,0.41929724137931035,672
2018-09-26,-0.012164481361982449,0.059614635307615946,0.05636482549497598,0.03070175438596491,0.38982952029520296,684
2018-09-27,0.058592428896394155,0.057749108696557784,0.0833317861121426,0.030343007915567283,0.40009375,758
2018-09-28,-0.026661531593827448,0.040573127899829656,0.05710331338057369,0.051829268292682924,0.371319723183391,656
2018-09-29,0.04151491443422284,0.045105517724981815,0.08090029543763111,0.08315098468271334,0.3800685039370079,457
2018-09-30,0.005236687029162246,0.0444697679986613,0.03692144089154406,0.06361323155216285,0.3259051724137931,393
2018-10-01,-0.0089328660757233,0.0367361685954599,0.03087213789554934,0.04070796460176991,0.46397908745247146,565
2018-10-02,-0.015543749566664267,0.03191578185930019,0.02305928169623543,0.03145695364238411,0.37398787878787876,604
2018-10-03,-0.029456688719567303,0.03414776353760174,0.05515288838242631,0.04066543438077634,0.3819466403162055,541
2018-10-04,0.007841661035244307,0.024548447221830656,0.02748065285829633,0.0530421216848674,0.36909729729729734,641
2018-10-05,0.02422396025524498,0.024151760398458687,0.03312232585134093,0.045283018867924525,0.4195548780487805,530
2018-10-06,-0.010900655093782463,0.017679344270912892,0.016172127689495053,0.06451612903225806,0.38828825910931175,403
2018-10-07,0.00443763326226021,0.017612723918721745,0.014966620090048108,0.0647887323943662,0.46095969387755104,355
2018-10-08,0.013868803594567547,0.018637283273678217,0.027407299489203514,0.06031128404669261,0.4293215384615384,514
2018-10-09,-0.005552768750954118,0.017676906290594364,0.016368464585782033,0.09057971014492754,0.3612474452554745,552
2018-10-10,-0.009706906685615468,0.013041381542020378,0.01411154800869885,0.08637873754152824,0.4181014760147601,602
2018-10-11,-0.16065093081866866,0.06308405390751438,0.16101679890075804,0.05675146771037182,0.38603122676579926,511
2018-10-12,0.03814268149172295,0.06492527513828872,0.05666986386302584,0.09933774834437085,0.4018312741312741,604
2018-10-13,0.015829042276860772,0.06622813770467308,0.02503004624065507,0.14523809523809525,0.32257227722772275,420
2018-10-14,-0.020646413899049754,0.0656898923871412,0.03297094010245832,0.04009433962264151,0.3721452914798206,424
2018-10-15,0.07147638147306035,0.07354363231973852,0.14318123623700518,0.04868913857677903,0.4412303501945525,534
2018-10-16,0.001983748521725781,0.07367733838791182,0.019983017535825334,0.04931972789115646,0.4137063670411985,588
2018-10-17,-0.01445364553588424,0.07370588918367624,0.02472207290561659,0.04891304347826087,0.3597136200716846,552
2018-10-18,-0.018016930409545884,0.03412981627822951,0.03243428284893254,0.0425531914893617,0.44260592334494775,517
2018-10-19,0.0018440930012981749,0.03193769253262571,0.013869141038193108,0.04923076923076923,0.3849993883792049,650
2018-10-20,0.008359225826719108,0.03165590976249561,0.01541409724098961,0.030379746835443037,0.3584771689497717,395
2018-10-21,-0.0014019373996009277,0.029909324956507537,0.017206290471785346,0.03571428571428571,0.3361586206896552,336
2018-10-22,-0.005352390051768907,0.009459640693364624,0.017326756801543948,0.04695652173913043,0.3502730650154799,575
2018-10-23,0.0014310638881809279,0.009404859726885604,0.015881107364128347,0.03968253968253968,0.413079,756
2018-10-24,-0.0023686477174850173,0.008183450465049985,0.010909874734846323,0.06593406593406594,0.33434897959183674,546
2018-10-25,-0.005557953809626648,0.004849642752821233,0.011325956010752043,0.0453781512605042,0.44067702702702705,595
2018-10-26,0.0030090914023845894,0.00495964272217258,0.015958603510991685,0.03262642740619902,0.4604611464968153,613
2018-10-27,0.004332879225295017,0.003915888442073196,0.014536084502055454,0.030476190476190476,0.5436900332225914,525
2018-10-28,0.005660839332060075,0.004598557834062487,0.011715808517920957,0.06842105263157895,0.3858168316831683,380
2018-10-29,-0.039534294868673436,0.015840649269395456,0.04807139306149902,0.03511705685618729,0.4365747081712062,598
2018-10-30,0.0015665637500190677,0.015849496244270022,0.008980593601517295,0.04961240310077519,0.48184868035190614,645
2018-10-31,-0.0008858247787969509,0.01589567140073844,0.009142469731696027,0.04954954954954955,0.3776815249266862,666
2018-11-01,0.007553918563590223,0.01650913735700164,0.03253061451778648,0.04460431654676259,0.4129395209580838,695
2018-11-02,0.008864998592059026,0.01698311504823479,0.012634308630931491,0.023809523809523808,0.45461433447098976,588
2018-11-03,-0.002237894684377073,0.016769354530494385,0.006052605360167398,0.05336426914153132,0.33962266009852216,431
2018-11-04,0.036466086539518106,0.02242306515184124,0.061381508608199534,0.043701799485861184,0.3644127659574468,389
2018-11-05,0.007735461669703181,0.01313491653239055,0.020502172863350945,0.042488619119878605,0.41621286173633437,659
2018-11-06,0.044769980534790976,0.018445133448921704,0.0504024365792413,0.050393700787401574,0.3591963525835866,635
2018-11-07,-0.0058090564517605525,0.019212356103711532,0.022183746842150923,0.03374777975133215,0.3871851851851852,563
2018-11-08,-0.02280104796415927,0.02377017444499732,0.028247755686131873,0.07155025553662692,0.3828102649006622,587
2018-11-09,-0.010163453972322545,0.024924236314028687,0.017930344785293515,0.08239700374531835,0.41265633187772927,534
2018-11-10,0.011705399049858567,0.024632216815294983,0.019297535420883402,0.09273182957393483,0.38890684931506847,399
2018-11-11,-0.005613245942982847,0.0217313152152225,0.019441921319283316,0.06172839506172839,0.38474117647058825,324
2018-11-12,-0.004362638402574004,0.021757413420281833,0.017488286771971385,0.06794055201698514,0.38049758064516126,471
2018-11-13,-0.017070782917811278,0.010935819885217433,0.020842354710229386,0.07543103448275862,0.3601642857142857,464
2018-11-14,-0.12294875886010459,0.04477502931480024,0.15959115690394796,0.05048543689320388,0.3847988047808765,515
2018-11-15,-0.003258047266492703,0.04549949030996461,0.07730663719976477,0.045627376425855515,0.34451080139372825,526
2018-11-16,-0.031132816388836804,0.045305299015499886,0.04547037845907162,0.04783599088838269,0.3709662878787879,439
2018-11-17,-0.006713210067531672,0.043332593015289196,0.01700501824817518,0.060109289617486336,0.3474604761904762,366
2018-11-18,0.017620588387422975,0.04607368460518964,0.028574709344050382,0.07418397626112759,0.34340717703349277,337
2018-11-19,-0.15752229382098304,0.06687555133476254,0.16552751736943996,0.06611570247933884,0.30292766570605184,605
2018-11-20,-0.12626780626780632,0.07160893723104077,0.16727930058933804,0.04063604240282685,0.31829444444444444,566
2018-11-21,0.04881117700764914,0.07630151035506864,0.10013573073462347,0.06602254428341385,0.35155194174757287,621
2018-11-22,-0.07311577823132231,0.07573080111648206,0.08065140960887653,0.09853249475890985,0.3804299610894942,477
2018-11-23,-0.026912695531387643,0.0758938883875909,0.05908130898045395,0.06097560975609756,0.32627370030581043,574
2018-11-24,-0.07949974046197772,0.07454032728861583,0.12946052033997268,0.07178217821782178,0.3245762962962963,404
2018-11-25,0.026045429714346202,0.07599412976091983,0.1512561214928487,0.04148471615720524,0.38459736842105263,458
2018-11-26,-0.06968656075568924,0.06237018011560288,0.11438591062633757,0.04299065420560748,0.3679742857142857,535
2018-11-27,0.015461300595375649,0.05313456991967135,0.08701453949014484,0.04844290657439446,0.3731915662650603,578
2018-11-28,0.11297154804108711,0.07029044409143673,0.1438320114702627,0.04230769230769231,0.37078487654320985,520
2018-11-29,-0.03998231591499379,0.0666297702943243,0.06463439695871297,0.044673539518900345,0.32236447368421056,582
2018-11-30,-0.03718841021838126,0.06720602229132434,0.06522491646766927,0.061052631578947365,0.355080658436214,475
2018-12-01,0.048281955771898755,0.06245327030958707,0.08132728452213007,0.061274509803921566,0.37677967914438504,408
2018-12-02,-0.018937486708700435,0.06259944492994872,0.037795512843861,0.04591836734693878,0.3641881818181818,392
2018-12-03,-0.06412880904476659,0.061572014125440944,0.07908156568547434,0.051759834368530024,0.3579481343283582,483
2018-12-04,0.01183540554497653,0.06145851565408003,0.052757594745384565,0.05741626794258373,0.3164797427652733,627
2018-12-05,-0.07021449832238624,0.04224763877030394,0.07362136233389106,0.07534246575342465,0.350008896797153,584
2018-12-06,-0.10455663639931334,0.052128620608974184,0.12047211797112553,0.057096247960848286,0.27363128654970764,613
2018-12-07,0.01671196826225385,0.05538238393861823,0.13769933867059742,0.03201219512195122,0.22577067039106147,656
2018-12-08,-0.012164956651922076,0.04577482061118313,0.10956221139735181,0.037825059101654845,0.32663070539419087,423
2018-12-09,0.032361452439554794,0.05231900178448236,0.08549698990296462,0.06666666666666667,0.3674661417322835,435
2018-12-10,-0.03632886178767625,0.05005151364133483,0.05898432168112761,0.052930056710775046,0.3663656934306569,529
2018-12-11,-0.029888574060386697,0.04760953312432693,0.0556232450812215,0.05660377358490566,0.3728775919732441,636
2018-12-12,0.0185282261577695,0.04665949476485878,0.044881631434364445,0.04830917874396135,0.4108659375,621
2018-12-13,-0.04474930190958337,0.030531228794141524,0.06169850435146713,0.101620029455081,0.3436801749271137,679
2018-12-14,-0.02578040930153558,0.029000458465251067,0.04523201064351104,0.08382066276803118,0.35295052264808363,513
2018-12-15,0.0015717741348968417,0.029604063633668437,0.029815631218981804,0.07068607068607069,0.35860068965517244,481
2018-12-16,0.009726190485169539,0.024790627131398922,0.03668449157282462,0.09955752212389381,0.37922289562289563,452
2018-12-17,0.11578099231643835,0.05340777017137125,0.13378612540420318,0.05227655986509275,0.3489352583586626,593
2018-12-18,0.06284440417172754,0.05438237961806244,0.08781294640223998,0.025179856115107913,0.39624760147601473,556
2018-12-19,0.0015440177549628231,0.05482065155796282,0.07727474366393378,0.03328050713153724,0.3873898148148148,631
2018-12-20,0.14761039988750357,0.06568281464234299,0.16351861776818097,0.031932773109243695,0.44211533101045297,595
2018-12-21,-0.05782840779173348,0.07221137121887948,0.09935967264849743,0.03855421686746988,0.46687405660377357,415
2018-12-22,0.06633347442480142,0.07057070286572455,0.08456673980738669,0.0659025787965616,0.3803056701030928,349
2018-12-23,0.1199539287564726,0.07250609927351262,0.13473930910672643,0.05016181229773463,0.48759527559055116,618
2018-12-24,0.07244082081988723,0.06924168379560472,0.20687911913925353,0.027237354085603113,0.3908536496350365,514
2018-12-25,-0.07411436707787644,0.08542782663241637,0.11265652129577701,0.03987730061349693,0.38090306748466257,326
2018-12-26,0.015566912126729004,0.0845515326396691,0.07994791808087892,0.05416666666666667,0.42451697247706427,480
2018-12-27,-0.11594922167726851,0.08799694397453017,0.12906683500818078,0.033126293995859216,0.4684455252918288,483
2018-12-28,0.180750059760155,0.10476646357744186,0.18780341514960064,0.056842105263157895,0.43616379928315413,475
2018-12-29,0.002697635524968156,0.10464425734391215,0.0900141450156712,0.06183368869936034,0.403252508361204,469
2018-12-30,0.013339663284215542,0.09661000846672153,0.04873123950011957,0.06593406593406594,0.41898799999999997,455
2018-12-31,-0.04641223251468407,0.09496163447918947,0.05471474476664032,0.06752411575562701,0.29982,311
2019-01-01,0.05586898652296535,0.09148482343048145,0.06555928986294537,0.07865168539325842,0.33845744680851064,267
2019-01-02,0.10103908074830437,0.09708634654521159,0.11502421093364931,0.048903878583473864,0.39213926174496644,593
2019-01-03,-0.038134552817589484,0.08108192764221736,0.05583061788315074,0.05417956656346749,0.4058135897435898,646
2019-01-04,0.03652354422226134,0.05200706619173699,0.06024915864150249,0.06821963394342762,0.38573545150501676,601
2019-01-05,0.0068355151803849434,0.05182940169169607,0.04203432488142817,0.04790419161676647,0.38133285714285714,501
2019-01-06,0.013541691890173624,0.0518261462157017,0.046760753045087165,0.05687203791469194,0.3767338345864662,422
2019-01-07,-0.038333638994326846,0.05020522394214275,0.04625647998128783,0.22857142857142856,0.2760826219512195,700
2019-01-08,-0.008830500716028311,0.04834052344389341,0.03261383428841567,0.32055378061767836,0.25269386189258314,939
2019-01-09,0.002949442093332033,0.027331123598008468,0.022143926663048135,0.223950233281493,0.37246485623003195,643
2019-01-10,-0.147065431587447,0.0607848237571571,0.16983759147082986,0.21181556195965417,0.3702911314984709,694
2019-01-11,-0.008372085669666962,0.056114790534396386,0.03850125325415409,0.12098009188361408,0.3952689895470383,653
2019-01-12,-0.012401511894703399,0.054714527786973347,0.025244392639541684,0.1111111111111111,0.39469021276595745,468
2019-01-13,-0.07199318039815095,0.05333104337925607,0.08086836760283932,0.13250517598343686,0.33007596899224806,483
2019-01-14,0.10411599676733285,0.07648279863013353,0.11873215876970496,0.17246175243393602,0.3617310714285714,719
2019-01-15,-0.05451374739032244,0.07729291343467398,0.08076042055997634,0.07665903890160183,0.26804048780487805,874
2019-01-16,0.012409371194492813,0.07797848470117386,0.04660429313977936,0.12873563218390804,0.27459812646370024,870
2019-01-17,0.0015772137966658661,0.056647528783150845,0.027948454978624342,0.036753445635528334,0.3875154639175258,653
2019-01-18,-0.022075432780677362,0.05705234927381691,0.02911165735436152,0.06666666666666667,0.3915374125874126,630
2019-01-19,0.028995523696174752,0.05842250988663912,0.03900189019956151,0.07142857142857142,0.44684,448
2019-01-20,-0.04050941134956021,0.052929008754849474,0.0510947765179085,0.0679886685552408,0.38821923076923076,353
2019-01-21,-0.01939301145025718,0.029507763600405197,0.029740106270139254,0.044967880085653104,0.37311935483870967,467
2019-01-22,0.013568861597531123,0.02447243211502336,0.042589281714279614,0.04926108374384237,0.41266337579617834,609
2019-01-23,-0.010904996827579505,0.02349219686540836,0.025659612161763882,0.0633147113594041,0.38905510204081634,537
2019-01-24,-0.0007639066903192271,0.02336667941118127,0.017242129211392624,0.09594594594594595,0.41082505643340855,740
2019-01-25,-0.008388877132136985,0.022479817969283007,0.016776600261038256,0.0821917808219178,0.40887142857142855,584
2019-01-26,0.0009485861252536143,0.01722483115966335,0.018075777980638003,0.05869074492099323,0.43902137096774196,443
2019-01-27,-0.026469911209536012,0.013380109695249182,0.028153012802106893,0.07425742574257425,0.3682274590163934,404
2019-01-28,-0.06009697574016115,0.02406667624028748,0.09137786923756477,0.06031128404669261,0.2890930795847751,514
2019-01-29,-0.009304468108255581,0.021217149983583705,0.02967108927598104,0.09037328094302555,0.3421883534136546,509
2019-01-30,0.03133884484856786,0.027979312439890446,0.04372746716855132,0.036020583190394515,0.36120517799352747,583
2019-01-31,-0.016954994659248546,0.027718849811495572,0.03611549171367881,0.07472826086956522,0.4537195266272189,736
2019-02-01,0.005125804579038995,0.028528337644248756,0.033525754120394144,0.05454545454545454,0.42866206896551723,495
2019-02-02,0.026210208981754413,0.03168177575494347,0.036196039871061673,0.04962779156327544,0.41593675213675213,403
2019-02-03,-0.026601317333769692,0.03169515733133086,0.038585889456341754,0.06958762886597938,0.45436444444444446,388
2019-02-04,0.0030600408803544976,0.021458228666769778,0.015178651536786873,0.03557312252964427,0.4562992831541219,506
2019-02-05,-0.003506563146744357,0.021064692148429025,0.011380782401095387,0.08536585365853659,0.34997978723404255,574
2019-02-06,-0.02349355544289744,0.018686723108515463,0.043086095141945155,0.06134969325153374,0.3470769014084507,652
2019-02-07,-0.0036598731699681863,0.017949893744811957,0.01573643262502044,0.061708860759493674,0.3457709375,632
2019-02-08,0.14093278050543834,0.05776589772804297,0.14918409016639095,0.05048543689320388,0.33149553903345724,515
2019-02-09,0.0013678001434185294,0.05780681493087113,0.022558849783580404,0.025157232704402517,0.3441145945945946,318
2019-02-10,0.04501014723454633,0.056025145131591285,0.06488499354116405,0.06321839080459771,0.34947863636363635,348
2019-02-11,-0.02810822657519374,0.059015660682240005,0.03651579847642091,0.07312252964426877,0.3055468085106383,506
2019-02-12,0.01050215919659836,0.058384591743422254,0.031922103299536535,0.051181102362204724,0.3532869731800766,508
2019-02-13,-0.0001524692476483347,0.05608349821772232,0.032136940776491256,0.06818181818181818,0.3664197026022305,616
2019-02-14,-0.009492979412876634,0.0565987195395892,0.025462964191251953,0.05785123966942149,0.3800158054711246,605
2019-02-15,0.0058504197554773985,0.02222385675765427,0.01884019289987708,0.06382978723404255,0.3143279301745636,611
2019-02-16,0.009498951706568892,0.022302044365195037,0.015029070227630526,0.06451612903225806,0.28971151515151516,527
2019-02-17,0.08387678098841822,0.035143111659316585,0.09229011553838802,0.07333333333333333,0.3888741818181818,450
2019-02-18,0.09355982463324941,0.04234159414680918,0.11038386849385999,0.06338028169014084,0.32879889135254986,852
2019-02-19,-0.005148499834734643,0.04378732561032517,0.03279746944763821,0.06745562130177515,0.2762613935969868,845
2019-02-20,0.02895267205240626,0.0423104786644759,0.04857811567715531,0.08723747980613894,0.2924610465116279,619
2019-02-21,-0.022891342226484812,0.044613340293887464,0.032061828105604775,0.07375643224699828,0.37803511904761905,583
2019-02-22,0.02026683682291508,0.043762782551242496,0.027808484686125765,0.041401273885350316,0.4758079310344827,628
2019-02-23,0.06508025884230029,0.04451595853556268,0.07933197544443793,0.03225806451612903,0.4180675105485232,465
2019-02-24,-0.14448007885230463,0.07690305949489845,0.1868881286410991,0.06851851851851852,0.4174814229249012,540
2019-02-25,0.029224323786429807,0.06787661424339013,0.05196860762373222,0.06518010291595197,0.49884819277108433,583
2019-02-26,-0.012395495234413967,0.06794974762594341,0.02432454973301428,0.041916167664670656,0.45696964285714287,501
2019-02-27,-0.014220667490340344,0.06627422662983784,0.07051610266361966,0.02555366269165247,0.3748145922746781,587
2019-02-28,0.004556790820952283,0.06628922509664746,0.023403778677112984,0.053763440860215055,0.36752956204379567,558
2019-03-01,-0.0022130714484230873,0.06526069132041408,0.018712023502163565,0.06903353057199212,0.40439224489795916,507
2019-03-02,-0.016392612849024157,0.056133422881414465,0.034825225239904924,0.10526315789473684,0.37280395480225986,323
2019-03-03,-0.014585966700747965,0.016433183544752195,0.03353773757112096,0.03430079155672823,0.354634065934066,379
2019-03-04,-0.033839815339275936,0.012071015578182714,0.05543695250608598,0.05333333333333334,0.40399113924050634,450
2019-03-05,0.07864083458839688,0.03660221043850001,0.08994766176625686,0.048507462686567165,0.38631666666666664,536
2019-03-06,0.007016053926292454,0.03607652888128106,0.0277104324574491,0.05230125523012552,0.41209272030651345,478
2019-03-07,-0.005438829930345945,0.03621658190351371,0.02580021592875937,0.04065040650406504,0.3630060606060606,492
2019-03-08,-0.021063048307917942,0.037257791234349746,0.04295668605234056,0.0683453237410072,0.3192560846560846,556
2019-03-09,0.021004380898809627,0.03733194793076175,0.03293329064838522,0.06911447084233262,0.4071413907284768,463
2019-03-10,-0.00874605500853487,0.03689617865795566,0.018704636722619412,0.08417508417508418,0.45225773809523806,297
2019-03-11,-0.02138549092396702,0.0349387910318713,0.03106047702746761,0.05622489959839357,0.4146729323308271,498
2019-03-12,0.004549344930456112,0.015467430472058404,0.032305234355695864,0.03189792663476874,0.4304781869688385,627
2019-03-13,-0.008775566473754215,0.014826982125465203,0.01405565249409795,0.06445993031358885,0.3654637931034483,574
2019-03-14,0.0033656999575737423,0.015220426599186229,0.01824859070748216,0.05263157894736842,0.38619014598540147,494
2019-03-15,0.02976693149482279,0.017861661033000447,0.03614650050894387,0.05995203836930456,0.38082049180327865,417
2019-03-16,0.03418063072168964,0.020583575085253932,0.048193659809779285,0.07333333333333333,0.4242767045454546,300
2019-03-17,-0.01683747903730648,0.02166388416212464,0.02143165153325817,0.03561643835616438,0.4004172972972973,365
2019-03-18,-0.004471045965398379,0.019224821310402544,0.024450662264970887,0.06352459016393443,0.37885255474452556,488
2019-03-19,0.008212390019405547,0.01922961152007021,0.0132566168406666,0.04433497536945813,0.41138756218905476,406
2019-03-20,0.0011896064236485149,0.01825515959228567,0.018781701121867323,0.03271028037383177,0.3402990384615385,428
2019-03-21,-0.028789578294541318,0.023015726973838295,0.03664478274454493,0.03255813953488372,0.44789045454545456,430
2019-03-22,0.003991437737520087,0.01993542184897159,0.018787682459213542,0.04801670146137787,0.4149440860215054,479
2019-03-23,0.007715617771059113,0.013884040357931199,0.018048523206043835,0.05583756345177665,0.363006640625,394
2019-03-24,-0.009063588375420428,0.012980767653011104,0.014906892788469203,0.04745762711864407,0.4398613065326633,295
2019-03-25,-0.014277988280281262,0.013672897123690759,0.03067656846441245,0.053497942386831275,0.3699651724137931,486
2019-03-26,0.0031794569506831127,0.013013624076185858,0.012609802763822484,0.06818181818181818,0.35643623693379795,440
2019-03-27,0.04080754677226839,0.021847437245828136,0.042330199963398825,0.07398568019093078,0.361493359375,419
2019-03-28,-0.011147602851195537,0.018694341884181214,0.01831679423360486,0.043478260869565216,0.39110447284345046,483
2019-03-29,0.022098819422435634,0.020053066690922904,0.03232396434882647,0.06235011990407674,0.41727982832618027,417
2019-03-30,-0.002840307608296455,0.02026464989131686,0.06028053537547299,0.0463768115942029,0.39291858407079644,345
2019-03-31,-0.004071895262159231,0.019806548188164668,0.010495544456788953,0.06878306878306878,0.34544107142857144,189
2019-04-01,0.0022346201273997224,0.01805896333044704,0.01411254010032507,0.09438775510204081,0.3806699074074074,392
2019-04-02,0.1560415064379428,0.05882510473302474,0.16631734033752743,0.0675,0.42302045454545456,400
2019-04-03,-0.015265393366966307,0.06073873327267174,0.12804151033048844,0.081419624217119,0.34117091503267977,479
2019-04-04,-0.021096796717664068,0.06172497432352151,0.06001360899334182,0.03753351206434316,0.40553901515151514,373
2019-04-05,0.047214098728088016,0.06261886251506468,0.06186833555465217,0.05707762557077625,0.410346875,438
2019-04-06,0.0026122253174547527,0.06227429947610574,0.06474668884027591,0.03514376996805112,0.4168925531914894,313
2019-04-07,0.05172994148245702,0.06165752317435829,0.06194267985756429,0.061046511627906974,0.4136095890410959,344
2019-04-08,0.032814495812116595,0.06027108983893384,0.058566229702966564,0.04477611940298507,0.4396567944250871,536
2019-04-09,-0.022990503155203346,0.032638128198818596,0.028645071284980898,0.04285714285714286,0.32327242524916944,490
2019-04-10,0.006943786476981906,0.030714217147052105,0.044891227234641826,0.037848605577689244,0.3905968454258675,502
2019-04-11,-0.0667679464590244,0.04211846813773908,0.08552293476922636,0.03950617283950617,0.4041402489626556,405
2019-04-12,-0.004596421355482105,0.038330704891068684,0.030833008207754014,0.06304728546409807,0.23647058823529413,571
2019-04-13,-0.0013535174601777555,0.03831433783981036,0.020353032505625063,0.07096774193548387,0.32944970059880235,465
2019-04-14,0.02021216401299064,0.0325590813579575,0.03532163170648079,0.0377906976744186,0.39233076923076926,344
2019-04-15,-0.037323627242621615,0.02960261899116054,0.05516893924854376,0.03547671840354767,0.42995340909090907,451
2019-04-16,0.03743953981120218,0.035207454477367596,0.041959490934063,0.038314176245210725,0.4127333333333333,522
2019-04-17,-0.004013040194453699,0.03475115673031084,0.02051096483882547,0.060393258426966294,0.3301390829694323,712
2019-04-18,0.04110955057174559,0.027549478791254915,0.05208226885486669,0.037102473498233215,0.34045475504322764,566
2019-04-19,-0.0006074951174606102,0.02730124010603118,0.019326356800980313,0.036885245901639344,0.37043724832214764,488
2019-04-20,0.0002465293552234016,0.027217193648967408,0.02830421507013104,0.02786377708978328,0.4193361344537815,323
2019-04-21,-0.02132211024963304,0.028639956434942996,0.04025078327871212,0.06442577030812324,0.4092220216606498,357
2019-04-22,0.010750868468121011,0.022732285811958547,0.025524200045066222,0.02880658436213992,0.45813843537414967,486
2019-04-23,-0.0024836163065665717,0.019160726643636092,0.0346150001639975,0.05363984674329502,0.3540541528239203,522
2019-04-24,-0.03278962036546984,0.023587625124523913,0.05600554100361674,0.0499194847020934,0.4445061433447099,621
2019-04-25,-0.06854585185333595,0.027292800929279253,0.07634292325371413,0.03865546218487395,0.33352068965517245,595
2019-04-26,0.01222125251424555,0.02891212345654855,0.03844840186936106,0.05439330543933055,0.46457019607843136,478
2019-04-27,0.01335391132197783,0.030416236405465723,0.0317879250781219,0.028645833333333332,0.45491325301204816,384
2019-04-28,-0.007194489451217145,0.03021588778098299,0.015393508699916162,0.038876889848812095,0.4135218637992832,463
2019-04-29,-0.0133067009612724,0.028703756295660982,0.032725259905334377,0.025048169556840076,0.4492878676470588,519
2019-04-30,0.044870825342478105,0.036437876364931204,0.04678313095967108,0.026345933562428408,0.3708153191489362,873
2019-05-01,-0.008310573885827788,0.03472281455332513,0.027132110060057783,0.04436229205175601,0.3771254658385093,541
2019-05-02,0.008111307730687134,0.019795824427666933,0.01788155288513693,0.04830917874396135,0.42958004694835683,621
2019-05-03,0.035958036609140764,0.02264585148229209,0.05545640551064469,0.038880248833592534,0.41090731707317074,643
2019-05-04,-0.023374645798182492,0.025895483430416383,0.052740760025848106,0.0641025641025641,0.41425573248407643,468
2019-05-05,-0.0035109158229574833,0.025636570091505394,0.034748750978015185,0.0345679012345679,0.4066332167832168,405
2019-05-06,0.05630144846529084,0.030110305079805354,0.09656002495939721,0.04066543438077634,0.3991266871165644,541
2019-05-07,-0.016533435345834624,0.029131174686762618,0.06205338458362835,0.039705882352941174,0.40275706214689266,680
2019-05-08,0.006769846410086933,0.028362089586286204,0.033985631346627285,0.11046511627906977,0.3597967517401392,688
2019-05-09,-0.003854189254865692,0.028789184737524443,0.03294805783461732,0.05862646566164154,0.40961875,597
2019-05-10,0.01675641036247999,0.026432213721861508,0.04047754144168199,0.043243243243243246,0.4118083870967742,555
2019-05-11,0.12222055996488157,0.048650040739736194,0.1751613743201634,0.06825938566552901,0.3792729222520107,586
2019-05-12,-0.0359179769775505,0.053194954492947796,0.09387754656723897,0.03232323232323232,0.43301055555555557,495
2019-05-13,0.05082577267287469,0.052623431389742126,0.10560544286816703,0.029548989113530325,0.35939107142857146,643
2019-05-14,0.10313781411976897,0.05793321123690652,0.11090791270449668,0.08207070707070707,0.4511658,792
2019-05-15,0.13817495345591158,0.06702992848606948,0.14112002043544017,0.02875,0.34146898047722346,800
2019-05-16,0.06820452599655935,0.061639048694405923,0.11986277315005464,0.057803468208092484,0.3763203237410072,865
2019-05-17,-0.07668432230677558,0.08115852785313038,0.14861638747985045,0.05271317829457364,0.3969727011494253,645
2019-05-18,-0.03761565082368101,0.08087321078735604,0.054376013411118355,0.03350970017636684,0.5160535897435897,567
2019-05-19,0.11380022401282797,0.08032494754568967,0.12788390431873836,0.08450704225352113,0.46201721611721613,426
2019-05-20,-0.03608145164671195,0.08687860555658664,0.07558391934081221,0.07017543859649122,0.42817701863354035,570
2019-05-21,0.013306600547514646,0.08234014537844489,0.05528053918417036,0.056672760511883,0.4362195718654434,547
2019-05-22,-0.041208111439091755,0.06840179968712382,0.06302615693284656,0.041176470588235294,0.4377608695652174,680
2019-05-23,0.005176812947874421,0.06184294949227331,0.0564998333942564,0.040446304044630406,0.45915349462365596,717
2019-05-24,0.014308146420461298,0.05420725925431928,0.04886123378457041,0.028052805280528052,0.36773956386292833,606
2019-05-25,0.009118333723884264,0.050930773569534404,0.03311269839314109,0.040776699029126215,0.39631340782122904,515
2019-05-26,0.060811010826156364,0.034393064731723086,0.08708374686242161,0.06382978723404255,0.35846102362204724,423
2019-05-27,0.02169096750352817,0.029914703207237707,0.0488974359153488,0.043726235741444866,0.36303950177935945,526
2019-05-28,-0.004009097198088618,0.030488107478237474,0.024969464515969753,0.062157221206581355,0.37822405063291137,547
2019-05-29,-0.008510946405609676,0.023033371905080473,0.03924092760755309,0.040740740740740744,0.4304227424749164,540
2019-05-30,-0.0504600691755972,0.03373317653493585,0.1478492203309669,0.0761904761904762,0.2749348484848485,630
2019-05-31,0.047895967368307035,0.03729062898064522,0.0763551757361599,0.0425531914893617,0.3807332116788321,517
2019-06-01,-0.010153532132954224,0.03814853754433805,0.037377544292373846,0.03943661971830986,0.3273790816326531,355
2019-06-02,0.01821562348276773,0.03110040994044795,0.029246582093675637,0.0729483282674772,0.3930373786407767,329
2019-06-03,-0.06519590624389338,0.038447147087330644,0.07061359734098996,0.05908096280087528,0.31591267605633805,457
2019-06-04,-0.04461120232622562,0.04035242460978407,0.06488583582584861,0.05647058823529412,0.4213058091286307,425
2019-06-05,0.02366892791883024,0.04310269120488571,0.033767174250212736,0.05793991416309013,0.3897247011952191,466
2019-06-06,0.009808994680402527,0.0399306558766049,0.04634349758032818,0.0824524312896406,0.3416686192468619,473
2019-06-07,0.0058363583818399345,0.033687947338911124,0.031100231805086826,0.06744186046511629,0.4165587301587302,430
2019-06-08,-0.020692071512696364,0.03398648972900304,0.0364111757034854,0.07094594594594594,0.3971908450704225,296
2019-06-09,-0.05148324052744335,0.03440471495431218,0.06807590783393253,0.039755351681957186,0.4456586419753087,327
2019-06-10,0.061922997252218615,0.03991503606494162,0.07868567856277431,0.04259634888438134,0.3713463302752294,493
2019-06-11,-0.0070228522995935405,0.03555177583933612,0.03565382742432451,0.05348460291734198,0.31888588957055214,617
2019-06-12,0.06152397844042801,0.04156414783322187,0.06720029693986622,0.03618421052631579,0.37617301038062284,608
2019-06-13,-0.01814661356624725,0.04274985775139782,0.025168698767163433,0.05660377358490566,0.35679150943396226,583
2019-06-14,0.03091190561051871,0.04390925636638366,0.04381284904571004,0.03944773175542406,0.42820522088353413,507
2019-06-15,0.01867511825637247,0.04208336375798692,0.03555565512336003,0.04071246819338423,0.35010328638497656,393
2019-06-16,0.0007578606296021473,0.03200948106516043,0.046886631523297265,0.04090909090909091,0.33853643724696353,440
2019-06-17,0.019047071551255623,0.026564442206289528,0.02634345529538843,0.043356643356643354,0.3748577380952381,715
2019-06-18,-0.03389546053285519,0.03173417306098879,0.04074005050510134,0.04314159292035398,0.37537794392523366,904
2019-06-19,0.01652484272846544,0.02329168433433966,0.021046742132293014,0.032036613272311214,0.42348578088578087,874
2019-06-20,0.008399970732125617,0.02097089215565126,0.031821948212197755,0.045454545454545456,0.41689654088050315,660
2019-06-21,0.08544603684279184,0.03563205680095108,0.08670031931755548,0.06906077348066299,0.3382241573033708,724
2019-06-22,0.04906585730236035,0.03774133625103049,0.0693339377502112,0.06228373702422145,0.334809011627907,578
2019-06-23,-0.005018164202467812,0.03831047741729825,0.041371615840796655,0.04451038575667656,0.4286323353293413,674
2019-06-24,0.00843616196755348,0.038560737184249,0.041497825303773155,0.03812316715542522,0.3454305555555556,682
2019-06-25,0.024810015475147162,0.03091076277851161,0.03374276430720004,0.07989347536617843,0.35885951807228916,751
2019-06-26,0.05855183236182082,0.03261479829202442,0.14290841952723346,0.04878048780487805,0.33119154228855724,656
2019-06-27,-0.1261622602149517,0.06888734965541521,0.19248644481125116,0.03577512776831346,0.398184375,587
2019-06-28,0.057629367732498604,0.0647281948406679,0.0683060014960581,0.07032348804500703,0.4017138424821002,711
2019-06-29,0.028380688230680073,0.06307817523071675,0.08766811873485643,0.09327548806941431,0.30299402985074625,461
2019-06-30,-0.09174222033863566,0.07342286941028366,0.10042294747388139,0.08674698795180723,0.4951872727272727,415
2019-07-01,0.010131265783237975,0.07348014364443865,0.07235823976893055,0.07660455486542443,0.42554478260869566,483
2019-07-02,-0.006963181786660777,0.07226814580632741,0.07853617676643153,0.05056179775280899,0.372192607003891,534
2019-07-03,0.03945015300086263,0.06955692635300953,0.040924771174996155,0.05263157894736842,0.35394033149171267,646
2019-07-04,-0.06128919770290664,0.05465342020394579,0.06994611793558486,0.03885135135135135,0.3877337662337662,592
2019-07-05,0.012210996829518095,0.04854307572124215,0.039476795205810836,0.03354632587859425,0.3693462783171521,626
2019-07-06,-0.0015638937192060665,0.04584412397021513,0.03239230129226128,0.04883227176220807,0.3535959259259259,471
2019-07-07,0.06313203008029333,0.03908787497618558,0.08355291410166715,0.04018912529550828,0.41453148148148145,423
2019-07-08,0.02470013210543809,0.03961252854414371,0.035218188817625416,0.03888888888888889,0.3865720833333333,540
2019-07-09,-0.013951692157258555,0.04019375288327015,0.041290337121177606,0.05333333333333334,0.36164755043227664,600
2019-07-10,-0.061119646215645806,0.045145933574499725,0.08905147536984014,0.03672316384180791,0.4408087912087912,708
2019-07-11,-0.07344175209223691,0.047808000613359054,0.08252018177904095,0.053726169844020795,0.5003393393393394,577
2019-07-12,0.02818219977827008,0.049245358438541983,0.040401483328600496,0.065,0.3879055350553505,600
2019-07-13,-0.024677795736554375,0.04975926952305885,0.049285216252136235,0.0728643216080402,0.4494395939086295,398
2019-07-14,-0.15542538684298868,0.06407419399824663,0.15735204706731615,0.10416666666666667,0.32262342007434947,480
2019-07-15,0.009657894699344638,0.06177759018256477,0.10806208541069728,0.05,0.3666847619047619,720
2019-07-16,-0.13311799767842003,0.06891505712742318,0.16163724839534432,0.06698564593301436,0.3386743827160494,627
2019-07-17,0.0617318609371591,0.08246616418469507,0.12048822874522579,0.055,0.3699134020618557,600
2019-07-18,0.07131096224890121,0.09071541721083955,0.10027050066498029,0.05357142857142857,0.36924592274678114,504
2019-07-19,-0.02309584896309813,0.08817963653773862,0.04898240252327987,0.05,0.40281848958333333,600
2019-07-20,0.03517679502052351,0.09136155279966264,0.05875440896278216,0.07654320987654321,0.3731525773195876,405
2019-07-21,-0.015225492527006224,0.06916944358764107,0.04727500130292262,0.04923076923076923,0.30763508771929826,325
2019-07-22,-0.03576971617802105,0.0703342290225091,0.05943411127916436,0.0658578856152513,0.36132421652421653,577
2019-07-23,-0.022207652217034912,0.044595261109623495,0.040814440003974516,0.06476190476190476,0.43547095709570954,525
2019-07-24,0.02029744469739736,0.03902938553009294,0.06418153012001301,0.06273062730627306,0.4025851145038168,542
2019-07-25,0.011848282175230818,0.0264818038014754,0.0374203007237223,0.07853403141361257,0.38606728971962617,573
2019-07-26,5.2855095062698254e-05,0.025130971666662987,0.027822914665895482,0.06563706563706563,0.422762101910828,518
2019-07-27,-0.05564498340523738,0.026828973986186253,0.08475333124582078,0.08454810495626822,0.4966360655737705,343
2019-07-28,0.018216409153009483,0.02938958535373869,0.04719520439006247,0.0646900269541779,0.4487647887323944,371
2019-07-29,0.0003859428984267499,0.026985672973434415,0.02447734217245435,0.07939914163090128,0.36501115384615385,466
2019-07-30,-0.0035284764489267317,0.025765472743390375,0.03192243773864328,0.046242774566473986,0.4811699275362319,519
2019-07-31,0.03862550629418782,0.029037206601113037,0.03903338179885271,0.058365758754863814,0.446653,514
2019-08-01,-0.0038677629826651128,0.028702358973039854,0.02698711907299965,0.061224489795918366,0.4189796,441
2019-08-02,0.00028978850878202955,0.028703703555972744,0.028486418635008656,0.0525164113785558,0.3820531598513011,457
2019-08-03,0.02119952507401157,0.01619754051333186,0.03346321207325258,0.099644128113879,0.42542967032967033,281
2019-08-04,0.0008062881234711661,0.016095785436623083,0.025766464591021537,0.05228758169934641,0.4728826315789474,306
2019-08-05,0.05184943890946303,0.022625975080371074,0.058528375306616386,0.08126410835214447,0.3693089928057554,443
2019-08-06,-0.03498655586332666,0.029123161275049058,0.066446142995929,0.049484536082474224,0.4531867857142857,485
2019-08-07,0.001638601964371933,0.026411477812709472,0.030457540284107062,0.05450733752620545,0.38659462025316454,477
2019-08-08,-0.024069634395636474,0.028590899312544184,0.04528756308714169,0.08704453441295547,0.40417277777777777,494
2019-08-09,-0.04731084344645764,0.0342701931918512,0.05938364024894301,0.06553398058252427,0.4136545138888889,412
2019-08-10,-0.017841220178347328,0.032540875096303656,0.04722233805520239,0.07665505226480836,0.3719615763546798,287
2019-08-11,0.04527246877509694,0.03874739705265701,0.04879666368936411,0.06224066390041494,0.4716867132867133,241
2019-08-12,-0.022234920419580084,0.030253017296833756,0.024049691100426998,0.09495548961424333,0.298881592039801,337
2019-08-13,-0.012206194886976829,0.028838890202353414,0.028209707855660224,0.0581039755351682,0.3361306451612903,327
2019-08-14,-0.10589526665218107,0.045076159778089805,0.1089840851581304,0.05421686746987952,0.3702635,332
2019-08-15,0.010151341569349936,0.04716885483020911,0.0606351676512487,0.0748663101604278,0.32457136363636363,374
2019-08-16,-0.01624378364194279,0.04576951063483399,0.04516841449090087,0.042042042042042045,0.3842159090909091,333
2019-08-17,0.001335233784479417,0.04628177235763103,0.022148545069468718,0.13261648745519714,0.28620496894409936,279
2019-08-18,0.04742291622427386,0.04674758832971801,0.07441977756345391,0.1543859649122807,0.3678483146067416,285
2019-08-19,0.04420919314149807,0.051308832574340255,0.05372181136631362,0.03636363636363636,0.352492748091603,495
2019-08-20,-0.03213581364181195,0.052352564699492114,0.03646926310799081,0.06485355648535565,0.37823467741935485,478
2019-08-21,-0.049214038778134794,0.036566036345802654,0.07292312291124224,0.06854838709677419,0.3352089887640449,496
2019-08-22,0.023763942731316767,0.037497032829023,0.05900783119040459,0.09205020920502092,0.4039113636363636,478
2019-08-23,0.01763050621419371,0.036819365172019045,0.03319693928527415,0.03984819734345351,0.3790934156378601,527
2019-08-24,-0.017547698464979056,0.03802455537311032,0.03676823797328803,0.08549222797927461,0.3138206896551724,386
2019-08-25,-0.0232483677247608,0.034015659062289885,0.03764258194741762,0.056782334384858045,0.3348094240837696,317
2019-08-26,0.011169747393521057,0.02772424930073915,0.0359151464961577,0.06685236768802229,0.4928823232323232,359
2019-08-27,-0.007477469310245621,0.025943412945478285,0.018471847767112467,0.07079646017699115,0.33191875,452
2019-08-28,-0.07266921147188687,0.03295833619577772,0.0839767715246378,0.07111111111111111,0.2661545112781955,450
2019-08-29,-0.02514946025200504,0.029686936874942057,0.03923628546360133,0.0472636815920398,0.39778270270270266,402
2019-08-30,-0.004022371467880204,0.02645946881611673,0.021842623519847382,0.047493403693931395,0.376755497382199,379
2019-08-31,0.0215294007126563,0.030793321176872716,0.03861378680725322,0.030821917808219176,0.3810328947368421,292
2019-09-01,-0.004872556831836294,0.030683103607420836,0.024154116879312522,0.029315960912052116,0.33610656934306565,307
2019-09-02,0.039142086260567366,0.03557988487447589,0.056456926853317095,0.02557544757033248,0.38525,391
2019-09-03,0.006459127937152864,0.03597855585297009,0.03575862820248825,0.06263048016701461,0.355304280155642,479
2019-09-04,-0.019534545523111846,0.02260205747065698,0.02680476275670551,0.0365296803652968,0.31025906976744183,438
2019-09-05,-0.010089938921822417,0.020181352696381848,0.0251018873354518,0.04329896907216495,0.2952857692307692,485
2019-09-06,-0.024457710310984093,0.022851388859454744,0.053839600901558794,0.08232445520581114,0.2897174311926606,413
2019-09-07,0.04887402051544809,0.028541129212130457,0.067120541521628,0.03383458646616541,0.34789103448275865,266
2019-09-08,0.01735028786112003,0.028486204659098104,0.027117448476259888,0.06538461538461539,0.37868150684931506,260
2019-09-09,-0.001136202566972555,0.025068982230776728,0.037108647997173325,0.07886435331230283,0.31762206896551726,317
2019-09-10,-0.007520285546536609,0.02525667336254667,0.03278473918467649,0.053763440860215055,0.4343346846846847,372
2019-09-11,-0.005905199723984622,0.023946328289799968,0.029229142105967547,0.06806282722513089,0.38354782608695653,382
2019-09-12,0.012816296952127715,0.02350901460287614,0.023216784736520914,0.05790645879732739,0.34099521739130434,449
2019-09-13,0.0005172566769215958,0.019762945324937508,0.016114028853553657,0.04849884526558892,0.36530151515151515,433
2019-09-14,0.03862733020698661,0.016442475706528924,0.04453267075634275,0.09395973154362416,0.29799417475728157,298
2019-09-15,0.008950410069716419,0.015929660692134497,0.02101373721892649,0.10828025477707007,0.31215220125786164,314
2019-09-16,0.038590447700354025,0.019403213853951766,0.04489257867153958,0.04212860310421286,0.3556450980392157,451
2019-09-17,0.05831964875161644,0.023682089781182816,0.08632768461945724,0.039473684210526314,0.3625484716157205,456
2019-09-18,0.013346929441159006,0.020895520752038186,0.04162877992997907,0.05778894472361809,0.3784550724637681,398
2019-09-19,0.04677459691074759,0.021671277230016783,0.08608827922411477,0.053061224489795916,0.29898382978723403,490
2019-09-20,-0.014600466159444214,0.02544319088064946,0.029126163644827948,0.03597122302158273,0.35061373626373626,417
2019-09-21,-0.01162047876880501,0.028560680527749096,0.027343732149352193,0.09271523178807947,0.2876785388127854,302
2019-09-22,-0.018424705758342097,0.0319888367435828,0.03917327563126801,0.116,0.2808610810810811,250
2019-09-23,-0.045494131811083194,0.0374391855880176,0.047013015723488316,0.046798029556650245,0.2838475113122172,406
2019-09-24,-0.16744431799138504,0.06781198060199173,0.2020032466543546,0.05527638190954774,0.24902110552763818,398
2019-09-25,0.016548371171016596,0.06814891869560664,0.058324436455917734,0.03826530612244898,0.28457772020725386,392
2019-09-26,-0.02437535798550705,0.05999959591923457,0.08528095732470131,0.06388206388206388,0.39096833333333336,407
2019-09-27,0.04788584020288145,0.06814230602245788,0.07441439224344512,0.08469945355191257,0.23665780346820808,366
2019-09-28,-0.0007904549433176422,0.06872285587026632,0.02865097932673172,0.05533596837944664,0.2080642105263158,253
2019-09-29,-0.02331064274254102,0.06864076853953736,0.04703281823577021,0.058823529411764705,0.2482,221
2019-09-30,0.05494735791592631,0.0746441339983611,0.07529915383505452,0.046762589928057555,0.185,278
2019-10-01,-0.014075447991778955,0.03281521149922917,0.051234269681484125,0.08900523560209424,0.3096343023255814,382
2019-10-02,0.019003488598579032,0.03293323468561008,0.030988158899623888,0.0502092050209205,0.35289690721649486,478
2019-10-03,-0.03049720196058403,0.03401433518938621,0.04537442325553248,0.06565656565656566,0.3737543352601156,396
2019-10-04,0.010192192355252372,0.029218283049688265,0.028464039498122862,0.07158836689038031,0.4163572463768116,447
2019-10-05,-0.0035793093446946367,0.029284950893552604,0.02624347467435013,0.15671641791044777,0.19573939393939394,268
2019-10-06,-0.018669405048932997,0.02866739813287105,0.034387696966304865,0.07364341085271318,0.2987027027027027,258
2019-10-07,0.046961913259410126,0.026291754712056612,0.06261428772387324,0.06596306068601583,0.3308935483870968,379
2019-10-08,0.004609787458351056,0.025399968768508255,0.028858045463995764,0.07926829268292683,0.3361245689655173,492
2019-10-09,0.06192504825667866,0.03351048032550034,0.07488646388899932,0.07933884297520662,0.3548384328358209,605
2019-10-10,-0.00845133207658999,0.029896406170273875,0.028937462878189907,0.055226824457593686,0.25025962441314553,507
2019-10-11,-0.047427716331208014,0.03778192944974288,0.07120376846776463,0.06976744186046512,0.2933429268292683,430
2019-10-12,-0.009547323037728095,0.03807537748193423,0.03462395790109704,0.07003891050583658,0.20319607843137255,257
2019-10-13,0.00690447452776044,0.036718005822346265,0.02631165548308506,0.02510460251046025,0.40502471910112353,239
2019-10-14,0.026833718751183344,0.03381857651587401,0.030991559244997233,0.05898876404494382,0.3191201257861635,356
2019-10-15,-0.029711273955080553,0.036279279750122566,0.04437485541839885,0.04774535809018567,0.39033647058823534,377
2019-10-16,-0.029726395827824104,0.025032741885050246,0.04193390956684241,0.040293040293040296,0.4097845070422535,273
2019-10-17,0.011447058288118539,0.026711261822145244,0.024636469006511022,0.06666666666666667,0.4398707865168539,315
2019-10-18,-0.024754526431060242,0.02248082000608861,0.04031011864027256,0.06734006734006734,0.3900487804878049,297
2019-10-19,-0.004079654417032175,0.02246996544303121,0.019538015111914626,0.03977272727272727,0.4129824175824176,176
2019-10-20,0.015159921489481532,0.023464298409666406,0.03184259001077613,0.03305785123966942,0.30162295081967216,242
2019-10-21,-0.0034943927177052414,0.018984137708702685,0.02537524233743021,0.06521739130434782,0.3771935483870968,322
2019-10-22,-0.014978954267923061,0.0170648707715909,0.019346462692013736,0.044967880085653104,0.34925748792270533,467
2019-10-23,-0.057446415058642786,0.024679741543565496,0.08682760254257757,0.043037974683544304,0.4920658163265306,395
2019-10-24,-0.001442383983864537,0.023144681085284207,0.020057410329348917,0.054878048780487805,0.34248100558659217,328
2019-10-25,0.11934912616082927,0.05420197869392912,0.1296882530913935,0.0547945205479452,0.36157482517482514,292
2019-10-26,-0.009297632517914378,0.0544244967748484,0.10903851506212237,0.037037037037037035,0.30149059829059827,243
2019-10-27,0.02450424841518095,0.054776162609418144,0.058204960889897225,0.043689320388349516,0.326618018018018,206
2019-10-28,-0.008572377122726182,0.054989602940279096,0.04139750058928775,0.04912280701754386,0.3517574803149606,285
2019-10-29,0.04204339277442348,0.055336601534089244,0.05190984885209433,0.0877742946708464,0.3566214285714286,319
2019-10-30,-0.029685515943540075,0.04996370807861623,0.05025610130369565,0.055944055944055944,0.5275000000000001,286
2019-10-31,-0.0039267869506169895,0.05014622787329689,0.04698604767168155,0.027972027972027972,0.4559629139072847,286
2019-11-01,1.622486824714997e-05,0.023777416245268353,0.021573130434382047,0.020066889632107024,0.31177,299
2019-11-02,-0.0002401755907489589,0.02329183149626556,0.015820617312743607,0.05025125628140704,0.3810629213483146,199
2019-11-03,-0.008159247469529674,0.02157943591358826,0.02829471379149629,0.08994708994708994,0.3040707547169811,189
2019-11-04,0.021544022950318764,0.022834444160113036,0.034013638477451105,0.047619047619047616,0.40649587628865985,357
2019-11-05,0.015824511029937316,0.016707196304415688,0.037173919161197375,0.05120481927710843,0.3283158823529412,332
2019-11-06,0.012095195226345945,0.01114827822774416,0.025802324713619915,0.05275779376498801,0.376721359223301,417
2019-11-07,-0.018880031276409137,0.014221648905352166,0.02764475653073027,0.025839793281653745,0.3788792553191489,387
2019-11-08,-0.02002948538796334,0.016755384153269732,0.03338903400137249,0.03773584905660377,0.3424864197530864,318
2019-11-09,0.004436487167047476,0.016822992512858743,0.010505612935457872,0.052083333333333336,0.3329655462184874,192
2019-11-10,0.024042494716397744,0.01825083516728806,0.033706724707291504,0.04090909090909091,0.3549761904761905,220
2019-11-11,-0.021045416168880893,0.01911880216994256,0.027715178635604278,0.07142857142857142,0.48882279411764706,266
2019-11-12,0.00729833430824689,0.01815201468471755,0.020246171008581608,0.07462686567164178,0.37665909090909094,268
2019-11-13,0.007574972316275463,0.01765189796463407,0.018154940107035594,0.10702341137123746,0.28174031413612566,299
2019-11-14,-0.012000023028475915,0.016747915308622643,0.019345926948114957,0.06329113924050633,0.3376288,237
2019-11-15,-0.02945411712306012,0.018754781563973155,0.03693615099439536,0.03345724907063197,0.3652954248366013,269
2019-11-16,0.015661199999664976,0.019914186902877325,0.023100357030870006,0.03349282296650718,0.44771583333333337,209
2019-11-17,0.009658533780762868,0.017476548615542084,0.031930838450646544,0.06701030927835051,0.416852427184466,194
2019-11-18,-0.024630776905047558,0.018127590352695896,0.041891381217256066,0.047619047619047616,0.35437518796992484,294
2019-11-19,-0.017191328554185814,0.01801429508620046,0.04061376943384653,0.06428571428571428,0.31568827586206893,280
2019-11-20,-0.009902210357208285,0.016795571305765634,0.020870296691116653,0.03283582089552239,0.30637482517482517,335
2019-11-21,-0.0810230621963981,0.03187071092360404,0.09588279993069034,0.052770448548812667,0.3079039473684211,379
2019-11-22,-0.06933212906028885,0.03707443153390535,0.12806965574265414,0.061946902654867256,0.30998493150684936,226
2019-11-23,0.020959999562510045,0.03808919875806782,0.0432742181888581,0.09615384615384616,0.4532913978494624,156
2019-11-24,-0.06898215797105234,0.037934101678297465,0.07254890443693325,0.04639175257731959,0.37669375,194
2019-11-25,0.02549684516115147,0.04453542131676826,0.11496829769262894,0.06827309236947791,0.3861503355704698,249
2019-11-26,0.016989277307627892,0.047748539754317115,0.0327031340221062,0.07755102040816327,0.3590971830985915,245
2019-11-27,0.027157279077174357,0.05144299916274082,0.0765622988579467,0.1661807580174927,0.28258079470198677,343
2019-11-28,-0.008450254185967898,0.04340098141773796,0.03607823371695554,0.15254237288135594,0.3328736111111111,295
2019-11-29,0.02363979228979063,0.034906476256801,0.03550126255505416,0.08503401360544217,0.23333796296296294,294
2019-11-30,-0.01780026264844614,0.03507452442619216,0.03519915505965424,0.05322128851540616,0.2131401408450704,357
2019-12-01,-0.008876129111456854,0.01923085587179494,0.03556906671403564,0.10160427807486631,0.2348898148148148,187
2019-12-02,-0.014065988014496544,0.01915070713151235,0.029833926187617824,0.11343283582089553,0.173587,335
2019-12-03,-0.007397985665940188,0.018308406914609544,0.02890651218212743,0.05121951219512195,0.21660170454545452,410
2019-12-04,-0.008169144928383831,0.013562499957255846,0.03839904876219389,0.07207207207207207,0.21720185185185187,333
2019-12-05,0.017044601907833634,0.015965758364337237,0.0524678175898755,0.06030150753768844,0.27429734042553194,398
2019-12-06,-0.00036547527271113545,0.011410794779938385,0.01381560472388681,0.06906077348066299,0.3437931818181818,362
2019-12-07,-0.002857243639828644,0.010081766603116842,0.009550708064275906,0.06390977443609022,0.40814500000000004,266
2019-12-08,0.016781563874633143,0.012244858703344267,0.027426908554557306,0.0880281690140845,0.4022246031746032,284
2019-12-09,-0.020094285218647534,0.013552536364618284,0.028385486302794666,0.08605341246290801,0.3215420289855072,337
2019-12-10,-0.013210460585766581,0.014192646653474557,0.024676146582397928,0.07159904534606205,0.34901182266009856,419
2019-12-11,-0.01817940368766613,0.015421509819006841,0.027978536525165996,0.06578947368421052,0.33301326530612246,380
2019-12-12,0.01389903220477895,0.014772850748912334,0.030043189999262133,0.0802675585284281,0.3717969879518072,299
2019-12-13,-0.004527819099997554,0.014712479077242581,0.01449021215198585,0.06666666666666667,0.30765808383233534,270
2019-12-14,-0.014319351384382561,0.015190672075264984,0.02134837178578493,0.09294871794871795,0.3247668508287293,312
2019-12-15,0.001720192365781914,0.01226678394599077,0.031487073290927266,0.057692307692307696,0.295622695035461,260
2019-12-16,-0.0663868950821187,0.02541814462075266,0.07522865580236934,0.0924092409240924,0.31942,303
2019-12-17,-0.08240258792918709,0.03608195943011255,0.09440121482625506,0.10278372591006424,0.188912109375,467
2019-12-18,0.08554627783273205,0.055235944102449266,0.11099342110213006,0.04121475054229935,0.2442641791044776,461
2019-12-19,-0.02833422690125087,0.05455702177174883,0.061772321248851715,0.07444168734491315,0.27331438356164384,403
2019-12-20,-0.001972454432335402,0.05465137064843758,0.021416409170620748,0.03529411764705882,0.37745971223021585,255
2019-12-21,-0.007245132182263747,0.05473493979572444,0.011894816183185148,0.08547008547008547,0.3260809523809524,234
2019-12-22,0.03310340040285542,0.05746886756920795,0.04084013538815254,0.04516129032258064,0.37364636363636367,155
2019-12-23,-0.028392830735050945,0.05282606511513602,0.05528834669046683,0.11,0.2645728260869565,300
2019-12-24,0.003497314973605281,0.04008397917024838,0.03392323542535208,0.04580152671755725,0.36069270072992704,262
2019-12-25,-0.02021677220771334,0.021722696461797402,0.032409232044081936,0.0872093023255814,0.2949746835443038,172
2019-12-26,-0.0007387207601865509,0.019625413012846888,0.043418986901477157,0.11724137931034483,0.2987782894736842,290
2019-12-27,0.0067535590297433945,0.019985602468355897,0.025930136172479377,0.03435114503816794,0.3522320754716981,262
2019-12-28,0.008710483939355695,0.02018213607369159,0.026400383081488076,0.05533596837944664,0.219925,253
2019-12-29,0.05014914046036245,0.025193501408825914,0.06871252955524003,0.07253886010362694,0.2703897196261682,193
2019-12-30,-0.015765273646439315,0.022936823944338717,0.03866415783656446,0.07763975155279502,0.24774144736842105,322
2019-12-31,-0.0227893383884461,0.025193450479016617,0.0372101557264039,0.21052631578947367,0.24395754189944133,304
2020-01-01,0.009190191703226214,0.023484693318146743,0.0280571926237338,0.09268292682926829,0.3316639175257732,205
2020-01-02,-0.025930991028848105,0.026286831416391983,0.029545374574108108,0.07716049382716049,0.34282720588235294,324
2020-01-03,0.053068993229181904,0.03284740476671156,0.06329106099076125,0.12949640287769784,0.30094473684210526,278
2020-01-04,0.006690372854116777,0.03284992345870012,0.022450594374263295,0.0942622950819672,0.37609444444444445,244
2020-01-05,0.00893915050958749,0.02720324104825452,0.03231291377100299,0.10144927536231885,0.3230220183486239,207
2020-01-06,0.058904952090693685,0.033113140782295145,0.06051514852323891,0.1037037037037037,0.4042283950617284,270
2020-01-07,-0.005267730369893919,0.030557342522394688,0.03127181336094381,0.04460966542750929,0.37915724137931034,269
2020-01-08,-0.015924482726428213,0.03275983112627891,0.05965522015054422,0.046012269938650305,0.4173409836065574,326
2020-01-09,-0.016133143542054307,0.031059330371141034,0.03653824678479109,0.041666666666666664,0.3958759493670886,360
2020-01-10,0.035865688404702833,0.027867484522265184,0.06222284577825165,0.03985507246376811,0.4839087248322148,276
2020-01-11,-0.007200885634076393,0.02866221080921986,0.02979552942996099,0.08866995073891626,0.376136641221374,203
2020-01-12,0.02061761832548359,0.029032596320331963,0.02403803028953931,0.07177033492822966,0.4845553719008264,209
2020-01-13,-0.011292902265488625,0.020134421701973305,0.026563344566260416,0.10863509749303621,0.33960184049079756,359
2020-01-14,0.15065715204179897,0.05999914660773575,0.16371893632732606,0.08280254777070063,0.3425525,314
2020-01-15,0.0016590394748587922,0.05847748602772434,0.05621063480611365,0.1032258064516129,0.2898226666666667,310
2020-01-16,-0.011066994718039957,0.05791390445698943,0.04417950798508146,0.07232704402515723,0.4596465753424658,318
2020-01-17,0.038864332870769625,0.058013450196644445,0.06257912046879432,0.036312849162011177,0.4335474576271186,358
2020-01-18,0.026851590577590345,0.0561602268215913,0.06875504218780559,0.09,0.31502429378531077,300
2020-01-19,-0.04787612891749038,0.06370947027409699,0.07734059656917762,0.06310679611650485,0.4192841666666667,206
2020-01-20,0.0009023627154332026,0.06283635211919372,0.040641781681372766,0.05555555555555555,0.3864439393939394,324
2020-01-21,0.015417943526218947,0.028283687672373534,0.02448452747434212,0.07611548556430446,0.35191812865497074,381
2020-01-22,-0.008267682079495908,0.028640091824398323,0.024966101953500967,0.05319148936170213,0.2110168539325843,470
2020-01-23,-0.03188229007181931,0.03120311075825605,0.047635928493623504,0.07712082262210797,0.33244684210526315,389
2020-01-24,0.0007526270052538031,0.026010287832205683,0.046407189351633404,0.04923076923076923,0.3570825396825397,325
2020-01-25,-0.010838599738994592,0.02151677100032916,0.028177015588392293,0.032407407407407406,0.41721964285714286,216
2020-01-26,0.042119285339935475,0.023115016250706815,0.04925764325754582,0.0391304347826087,0.5051388888888889,230
2020-01-27,0.016979052682948748,0.023870109758331624,0.03584225331110937,0.05555555555555555,0.3967407407407408,252
2020-01-28,0.03182239380033014,0.025953160688007668,0.032959361473499045,0.035326086956521736,0.28355114942528736,368
2020-01-29,-0.007484153841480157,0.025883912890624822,0.02150652761969407,0.04081632653061224,0.39796044776119405,294
2020-01-30,0.0550706649358772,0.02557934169074587,0.07938507980671253,0.03460207612456748,0.3379176056338028,289
2020-01-31,-0.02452915431494851,0.029897751753547506,0.04930809841558917,0.2521246458923513,0.4081075757575757,353
2020-02-01,0.01950359937948898,0.027690282232208034,0.022765442960716017,0.07894736842105263,0.3932588785046729,228
2020-02-02,0.02691503680564611,0.026133392281264246,0.07032243646776563,0.056074766355140186,0.37718257575757574,214
2020-02-03,0.006614045963683646,0.026420021823395368,0.028759208763253493,0.04810126582278481,0.413440350877193,395
2020-02-04,-0.0032363028328148413,0.026112770944355525,0.030063275465750574,0.05486284289276808,0.413011320754717,401
2020-02-05,0.07915241545119689,0.035177435073258184,0.09535868325361094,0.05200945626477541,0.4163434426229508,423
2020-02-06,0.03970437904038504,0.03325372266221214,0.06218417743706532,0.0585480093676815,0.393250612244898,427
2020-02-07,0.048916980131372245,0.02778202777390501,0.05104059287532788,0.04929577464788732,0.40501990291262135,426
2020-02-08,0.0018877694066241624,0.029734771223500617,0.05034270185073802,0.057692307692307696,0.30506289308176104,260
2020-02-09,0.02434296624722565,0.029774422283260757,0.030863499052062607,0.05504587155963303,0.33387187500000004,327
2020-02-10,-0.022118741757808036,0.034801903666907504,0.04858717596287994,0.05303030303030303,0.43350197044334976,396
2020-02-11,0.055155471419267466,0.03415152830542131,0.08026285693978777,0.05321507760532151,0.39278599221789884,451
2020-02-12,0.12531175023714347,0.04679245180486826,0.15473862120190154,0.04844961240310078,0.35899821428571427,516
2020-02-13,0.010147203372858238,0.04803831635445173,0.05590794295479475,0.08924485125858124,0.3909278388278388,437
2020-02-14,0.060120471062980796,0.04876789596796562,0.08317899954665416,0.05612244897959184,0.4699155642023346,392
2020-02-15,-0.06857045637621362,0.06243569777691239,0.0802780440881337,0.05442176870748299,0.3468515625,294
2020-02-16,-0.018259765065269162,0.06469836400599605,0.11475106417927221,0.1,0.36867737226277375,230
2020-02-17,0.02488986010135874,0.06194825567678979,0.08671310914079086,0.08762886597938144,0.4276226851851852,388
2020-02-18,0.05849576226490094,0.06221384212684966,0.081544243733742,0.09817351598173515,0.35658247863247866,438
2020-02-19,-0.07867012894210734,0.05621826724019342,0.08429401789866589,0.10377358490566038,0.4009691011235955,318
2020-02-20,-0.006985217255956244,0.055989383649808384,0.04904990303272534,0.055710306406685235,0.4742383495145631,359
2020-02-21,0.02966146022401217,0.05113620004585389,0.043878022634683135,0.04986149584487535,0.4417038647342995,361
2020-02-22,-0.012307545223392835,0.044049778828510536,0.028145405346547272,0.08875739644970414,0.28517489177489175,338
2020-02-23,0.04354195150167173,0.0460348015172596,0.04496613830892339,0.06793478260869565,0.3264080882352941,368
2020-02-24,-0.031187613124548763,0.04753674953205459,0.058144140658150344,0.08244680851063829,0.41660888888888886,376
2020-02-25,-0.06560236817827769,0.04533337547848834,0.07000994940345194,0.07352941176470588,0.39799903381642515,408
2020-02-26,-0.08932911728105708,0.04784522133510495,0.1145681998423351,0.0391644908616188,0.488282233502538,383
2020-02-27,0.004755089061756701,0.04853279756787832,0.10884276136768575,0.12698412698412698,0.295457399103139,378
2020-02-28,3.133890450168764e-05,0.04492126400492916,0.07869477383123816,0.055970149253731345,0.4753569444444445,268
2020-02-29,-0.030481450181658265,0.04483039632602617,0.05470144210880772,0.07065217391304347,0.32460840336134456,184
2020-03-01,-0.003993261600077291,0.03552099148154029,0.05709801416125635,0.10215053763440861,0.2748743119266055,186
2020-03-02,0.05297141215243939,0.047576448385502804,0.07099436702669006,0.057432432432432436,0.39048427672955976,296
2020-03-03,-0.026413519780412398,0.04326230265889126,0.04595247492831262,0.08048780487804878,0.26414858490566034,410
2020-03-04,0.00017085753531453918,0.0272949911748583,0.02650248522018042,0.043373493975903614,0.3877167441860465,415
2020-03-05,0.02115738155966307,0.02849139943565132,0.04328032794238685,0.03359173126614987,0.4488642857142857,387
2020-03-06,0.06218529902421799,0.03639362524725143,0.06463103256562867,0.05113636363636364,0.36641775147928995,352
2020-03-07,-0.02329205513362531,0.03511340834032824,0.050983355850913875,0.046875,0.4140108974358975,256
2020-03-08,-0.15624788389591404,0.07312640934584573,0.15635291074922608,0.0684931506849315,0.44046422764227644,219
2020-03-09,0.006464103748645034,0.06842096513259377,0.07541036571572143,0.07076923076923076,0.4704758620689656,325
2020-03-10,-0.006035456465971922,0.06836573987020905,0.03770878874281235,0.04059040590405904,0.3880992857142857,271
2020-03-11,-0.02938088274654871,0.0682819275608006,0.09260511558669585,0.05813953488372093,0.39213167701863355,344
2020-03-12,-0.4234722012809815,0.16467886507397425,0.431024422454774,0.038338658146964855,0.24301477272727273,313
2020-03-13,0.18562721307165964,0.18762728317858868,0.37488009279507045,0.06015037593984962,0.2311613095238095,266
2020-03-14,-0.07429165452871289,0.18678215023074918,0.09035539277360703,0.13953488372093023,0.20394934210526316,215
2020-03-15,0.015475964992778923,0.1849955485089592,0.08429068096246112,0.07368421052631578,0.38498504672897194,190
2020-03-16,-0.11666740777861218,0.18497229721679093,0.15860229451084218,0.07207207207207207,0.40306065573770494,222
2020-03-17,0.030169050111207296,0.18735744546491315,0.07772620342419485,0.0430622009569378,0.3922031914893617,209
2020-03-18,0.007894515528193535,0.18886108862825535,0.037577698122125754,0.06896551724137931,0.39809999999999995,261
2020-03-19,0.1894039917218744,0.11733730113170343,0.22461591614565563,0.03375527426160337,0.4047170731707317,237
2020-03-20,-0.028234709527120927,0.09741066562146516,0.20672007615823101,0.057777777777777775,0.4108669811320755,225
2020-03-21,0.0006142799410158162,0.09138226682015292,0.0661798781949491,0.06060606060606061,0.4974177777777778,165
2020-03-22,-0.07150769840945637,0.09690985147158428,0.09967779249456825,0.05202312138728324,0.3691962962962963,173
2020-03-23,0.09398602328909922,0.08614855111064441,0.10573197017105836,0.047058823529411764,0.4849546391752577,170
2020-03-24,0.028535964745148634,0.08615579104287366,0.06494184554290505,0.06060606060606061,0.4862233009708738,198
2020-03-25,-0.018488940532146114,0.08792099330705352,0.05110719786847159,0.04406779661016949,0.36154551282051284,295
2020-03-26,0.015901099399986407,0.0517871369913206,0.02896333903484174,0.025547445255474453,0.3212673758865249,274
2020-03-27,-0.03197143218156817,0.05218019660607511,0.043107319896161775,0.03208556149732621,0.44999058823529414,187
2020-03-28,-0.022035916811689926,0.0530078850834808,0.052752403833290586,0.125,0.37023103448275857,152
2020-03-29,-0.04124672889204817,0.04719532352591084,0.04368974569225798,0.049773755656108594,0.4437711340206186,221
2020-03-30,0.05829423601522454,0.036512393575607684,0.0686569135415114,0.04975124378109453,0.39992352941176473,201
2020-03-31,0.005184375221810811,0.03430290887600578,0.019735174554541438,0.06545454545454546,0.4514592233009709,275
2020-04-01,0.01527758674700519,0.03444885385032925,0.04418460656651316,0.07509881422924901,0.387504424778761,253
2020-04-02,0.04714576916329549,0.038635229874490695,0.08144656698652014,0.041666666666666664,0.38099140625,264
2020-04-03,0.0004376724358121642,0.03535595985394955,0.05123127229383141,0.016666666666666666,0.4411244897959184,240
2020-04-04,0.022014539458984794,0.032732476412004934,0.03695440352763006,0.07534246575342465,0.4822416666666666,146
2020-04-05,-0.011518682002089942,0.025245081967761845,0.027718678612496245,0.0821917808219178,0.2478148514851485,219
2020-04-06,0.17826425148173697,0.06513750194271026,0.17915439459327054,0.041811846689895474,0.33821428571428575,287
2020-04-07,-0.023850302847674087,0.06832429452219348,0.06503681686414756,0.06224066390041494,0.42511649484536085,241
2020-04-08,0.04566748972598145,0.0680094844097416,0.05275389867071488,0.06521739130434782,0.5522931297709924,230
2020-04-09,-0.010626551661269912,0.07003146026321812,0.02842460040591684,0.03557312252964427,0.27458880597014923,253
2020-04-10,-0.07256545794733738,0.07969770463152623,0.0938674044176297,0.06962025316455696,0.3926473404255319,316
2020-04-11,-0.001239958921953721,0.0799962032151127,0.03702074245039878,0.05179282868525897,0.24356986301369862,251
2020-04-12,0.018496207893185845,0.07914553382586827,0.05180000696164907,0.06060606060606061,0.48148785714285713,231
2020-04-13,-0.030177473111203446,0.03763596557270986,0.056839048178548054,0.05668016194331984,0.44585891472868217,247
2020-04-14,0.008426224638055091,0.037721088195087675,0.03247931555060805,0.06720430107526881,0.35026047904191615,372
2020-04-15,-0.027345186147042955,0.030445068390403347,0.050190449970825654,0.051194539249146756,0.4257150793650794,293
2020-04-16,0.12310569780871639,0.061160839964723754,0.14881063177861475,0.03213610586011342,0.3011981203007519,529
2020-04-17,-0.003013522310218897,0.05184038190179344,0.026261617043371474,0.03875968992248062,0.35926132596685084,387
2020-04-18,0.08899760704198001,0.05860176462599985,0.09510885278190322,0.050473186119873815,0.3289862068965517,317
2020-04-19,-0.02835018530619171,0.06210493590930011,0.042695151543985184,0.19142857142857142,0.2554670658682635,350
2020-04-20,-0.05130525376885209,0.06531281606548298,0.08685393267134871,0.11285266457680251,0.46022229729729724,319
2020-04-21,0.0025568788377035023,0.06546058372736083,0.026890359832712506,0.07580174927113703,0.3813560810810811,343
2020-04-22,0.05709161485700198,0.06413416433475477,0.06905877460870241,0.04950495049504951,0.3506951048951049,303
2020-04-23,0.013302857000884405,0.048150235412898944,0.04790387229623372,0.06306306306306306,0.42159106145251396,333
2020-04-24,0.022743886236950894,0.04785508378677782,0.026931368998951512,0.06989247311827956,0.3759956097560975,372
2020-04-25,0.0331772366740819,0.03685757808520703,0.04404079592011407,0.05592105263157895,0.4016044585987261,304
2020-04-26,0.00921784380415569,0.0334220925280918,0.02342158500641993,0.05214723926380368,0.3350111111111111,326
2020-04-27,-0.0004703534648616836,0.020168257277507477,0.03088297215639682,0.040625,0.35009375,320
2020-04-28,0.006037081897013241,0.01971415959245758,0.019957702480553202,0.042,0.3289205607476635,500
2020-04-29,0.0935050527889818,0.032037029830851195,0.10243671870800265,0.058673469387755105,0.3374561855670103,392
2020-04-30,-0.04316838564461589,0.04133867808612855,0.09724240343893228,0.02577319587628866,0.35357562189054725,388
2020-05-01,0.03187372330429494,0.04168196651407502,0.04736436335889261,0.047619047619047616,0.4258719576719577,357
2020-05-02,0.00516423514542752,0.041392461870653374,0.01385829221088988,0.045283018867924525,0.32422255639097747,265
2020-05-03,-0.020398093359547453,0.04349380902833292,0.049121858923317635,0.0636042402826855,0.39776433121019106,283
2020-05-04,-0.013080665117602419,0.04427151724967715,0.0606031819661,0.047058823529411764,0.3263512987012987,425
2020-05-05,-0.006723252363091348,0.04465385847164925,0.037245242603397975,0.046012269938650305,0.4875555555555556,326
2020-05-06,-0.013147769832375089,0.023115476337640137,0.03629259384440423,0.04,0.37704171428571426,350
2020-05-07,0.04034986631151427,0.023781717295010316,0.060406342408645314,0.04,0.32810837696335077,350
2020-05-08,0.0033076262868461104,0.02028153666333135,0.03532994033722766,0.05432098765432099,0.4067321052631579,405
2020-05-09,-0.006532916659275356,0.020204681422792133,0.02659072969944284,0.05214723926380368,0.38787333333333335,326
2020-05-10,-0.10869820273439457,0.045323666632010165,0.1363305635906598,0.03076923076923077,0.4444,325
2020-05-11,-0.014245703104142082,0.04531787315737099,0.0564272430739375,0.04100227790432802,0.3740316742081448,439
2020-05-12,0.01828633985029393,0.04704131582871807,0.031738922429359356,0.05687203791469194,0.3928574660633484,422
2020-05-13,0.052192966869985646,0.05279654319120005,0.05845369646019218,0.04430379746835443,0.32370119047619045,474
2020-05-14,0.01885514049150938,0.05048439144027308,0.036445933457445456,0.03318903318903319,0.39839248826291085,693
2020-05-15,-0.03609990092654203,0.05155534473251293,0.04833926955229843,0.19315068493150686,0.3816266932270916,730
2020-05-16,0.025837805793382573,0.05342921749965037,0.04227526409893427,0.06423982869379015,0.37113174603174603,467
2020-05-17,0.03229852901191288,0.029674141697856267,0.04515321338119866,0.0737527114967462,0.3061971830985915,461
2020-05-18,0.035559023475784324,0.02771398511906388,0.042472314044443585,0.028037383177570093,0.42212410714285714,642
2020-05-19,-0.005006148563666435,0.02943742922783161,0.02079116794359165,0.06566604127579738,0.3052766025641026,533
2020-05-20,-0.01571495835127612,0.02727113747748219,0.031581717868337425,0.04330708661417323,0.3317121621621622,508
2020-05-21,-0.04861155987109145,0.033896556060659846,0.08698817724717035,0.041501976284584984,0.3590935810810811,506
2020-05-22,0.036449157757986406,0.03268684837925516,0.05279639084022771,0.04430379746835443,0.4459795275590551,474
2020-05-23,0.007362138095715176,0.03180523063354477,0.024577109488417143,0.03672316384180791,0.36763419913419915,354
2020-05-24,-0.03030292997233508,0.0319945055315932,0.03940632420328273,0.05995203836930456,0.3572339449541284,417
2020-05-25,0.01457426501894954,0.02859324907736222,0.02819001758503101,0.0675990675990676,0.4041485714285714,429
2020-05-26,-0.016644478168330812,0.02887012365104308,0.02673820124988442,0.03248259860788863,0.4137579185520362,431
2020-05-27,0.03447766083542558,0.03250951731904507,0.03505999663124004,0.04112554112554113,0.35412256637168144,462
2020-05-28,0.05255588301611991,0.029877662348373992,0.06718438286238101,0.02335456475583864,0.43486034482758623,471
2020-05-29,0.0037968127426470932,0.028308651083185,0.027185750910630125,0.07990867579908675,0.43384347826086955,438
2020-05-30,0.09820076451840931,0.04379952625139578,0.11416730988022512,0.05238095238095238,0.37471515151515156,420
2020-05-31,-0.04691601495258435,0.04742959726500253,0.057736125882836664,0.04885057471264368,0.3615373684210526,348
2020-06-01,0.0693408848274697,0.050782705049114044,0.07687866923870064,0.03802281368821293,0.324159778597786,526
2020-06-02,-0.03956690207422964,0.05471533818898525,0.07696326402722571,0.025404157043879907,0.4806232365145228,433
2020-06-03,0.029341076003842614,0.05459440372773622,0.03671038670817535,0.03535353535353535,0.40731675126903555,396
2020-06-04,0.0010118118270834309,0.05353876869574521,0.03753982470746163,0.07899159663865546,0.361551953125,595
2020-06-05,-0.013109860391062544,0.05457644382191121,0.02720467922557011,0.03735632183908046,0.4562131428571429,348
2020-06-06,0.0029405625823353265,0.0400331670357033,0.0259389158293747,0.0625,0.3862184971098266,320
2020-06-07,0.0133754448220329,0.03421020380162247,0.03765891365864152,0.07536231884057971,0.4094275675675676,345
2020-06-08,0.004660652564251411,0.02163462700689991,0.020809378516208378,0.06711409395973154,0.4004724907063197,447
2020-06-09,-0.005677582355323119,0.013687055405413406,0.02438871325866926,0.05725971370143149,0.410982304526749,489
2020-06-10,0.010344513771946007,0.009084744981544315,0.023818965818383414,0.021052631578947368,0.4851347619047619,475
2020-06-11,-0.06361930081727585,0.02644169544545073,0.08057140031587826,0.06,0.4096605633802817,400
2020-06-12,0.024991256585303656,0.02885714301658938,0.041919522298627096,0.08297872340425531,0.3688684210526316,470
2020-06-13,0.005960728356432465,0.028963174544784108,0.013906508829423627,0.0688622754491018,0.38752674418604655,334
2020-06-14,-0.020066848626752454,0.028873260475140983,0.025707423580413898,0.058011049723756904,0.3038282926829268,362
2020-06-15,-0.017879242694234576,0.0287164919362674,0.05552497473548183,0.042821158690176324,0.4392461538461539,397
2020-06-16,0.019515912574154415,0.030769238549424344,0.03468001582843957,0.03837471783295711,0.4131639593908629,443
2020-06-17,-0.005920643600233144,0.029948124382140277,0.02819885125396871,0.0425531914893617,0.41212058823529407,470
2020-06-18,-0.0039785593922631035,0.017383949216822073,0.02412728041439242,0.028953229398663696,0.41053407079646015,449
2020-06-19,-0.021382369617197083,0.015129360294606195,0.023103287252933973,0.04428044280442804,0.33544405144694533,542
2020-06-20,0.009403817423393468,0.015639867993261104,0.021184523299744788,0.08441558441558442,0.34753579545454544,308
2020-06-21,-0.0012405940901513146,0.014333378778748818,0.016865981658539708,0.0711864406779661,0.31174864864864865,295
2020-06-22,0.059143994288442414,0.025936613439185803,0.06480812682559442,0.06483790523690773,0.35819739130434786,401
2020-06-23,0.006633942122187042,0.025429980973497957,0.021047041722010808,0.0334075723830735,0.34222981651376144,449
2020-06-24,-0.034282005013070216,0.02958343294510263,0.06429644283631994,0.06806282722513089,0.40623502538071066,382
2020-06-25,-0.011994511025246402,0.030007454237662125,0.024424017987366382,0.049586776859504134,0.4840384236453202,363
2020-06-26,-0.014065357336788709,0.02921908753855604,0.019935216813844303,0.0718232044198895,0.2920184357541899,362
2020-06-27,-0.029208475558490155,0.031156259839849158,0.05194778818660209,0.04365079365079365,0.4352531914893617,252
2020-06-28,0.01070768203757222,0.031629061804418615,0.040937723109734425,0.09180327868852459,0.43546408839779005,305
2020-06-29,0.012636938315175872,0.019067766127730226,0.03393752616372629,0.0431266846361186,0.3349080808080808,371
2020-06-30,-0.008238000136362222,0.017891381815991106,0.0204485931715225,0.06615776081424936,0.3773195530726257,393
2020-07-01,0.021202414378263867,0.017959401111197853,0.03502507831641382,0.04207920792079208,0.43326682242990655,404
2020-07-02,-0.007447512642276832,0.01764707210277024,0.029983794032185672,0.04878048780487805,0.3731658227848101,451
2020-07-03,-0.01745978413990812,0.01807346631415875,0.020562431297993986,0.02207505518763797,0.3237844036697247,453
2020-07-04,0.01635874295838846,0.014773735831181136,0.021842325900807102,0.054945054945054944,0.3316955223880597,364
2020-07-05,-0.006153089800898903,0.014865540538743881,0.023199938105486394,0.10893854748603352,0.31979175257731957,358
2020-07-06,0.060815895363237615,0.02702821353261577,0.0663337055814395,0.0728051391862955,0.35471890547263685,467
2020-07-07,-0.010081133383773255,0.02722601894516057,0.0351210237784791,0.09164969450101833,0.42044760000000003,491
2020-07-08,0.03176605770603569,0.028338395113265587,0.04143876524773187,0.068762278978389,0.3538589430894309,509
2020-07-09,-0.014813505093826507,0.029204164246707066,0.02996179878520617,0.05543710021321962,0.3884941860465116,469
2020-07-10,-0.008357404001654412,0.028027658458570574,0.02533582509144057,0.05223880597014925,0.3493790940766551,536
2020-07-11,-0.006335698780936538,0.02846966514007628,0.013259973011552318,0.07282913165266107,0.31726468253968254,357
2020-07-12,0.011164865360941523,0.027914485253472385,0.023139287095408387,0.07951070336391437,0.266375,327
2020-07-13,-0.010436925213559212,0.01666600217290239,0.025097446074928153,0.07272727272727272,0.31439999999999996,440
2020-07-14,0.0025329621192569096,0.016197508501654752,0.01753338182108766,0.06823529411764706,0.3023910798122066,425
2020-07-15,-0.007443304222913394,0.008781551580187183,0.017933121649695603,0.07990314769975787,0.2903432558139535,413
2020-07-16,-0.020059446298028583,0.009926475375675016,0.030971086844318554,0.0838150289017341,0.3231366492146597,346
2020-07-17,-0.00371423609091448,0.009863491873042881,0.009863858885886081,0.06318681318681318,0.3598004739336493,364
2020-07-18,0.011645330897519512,0.011613118712485502,0.01811891811770231,0.05964912280701754,0.3750060975609756,285
2020-07-19,0.012755520462252257,0.01193236202869459,0.024976566978431463,0.07534246575342465,0.328333125,292
2020-07-20,-0.009788168247281681,0.011859137049708555,0.019805920382463486,0.13527851458885942,0.37987968749999995,377
2020-07-21,0.037533101368175004,0.019200109252041127,0.044456973541918514,0.060267857142857144,0.37184100418410043,448
2020-07-22,0.07009287858767954,0.030948875015671742,0.08366360068534458,0.049107142857142856,0.3823908713692946,448
2020-07-23,0.04766910053453843,0.02902944993661433,0.06302251786966112,0.03600654664484452,0.25251872909698997,611
2020-07-24,0.016478124824124585,0.02676106668729151,0.06170967085919863,0.07243460764587525,0.3748931506849315,497
2020-07-25,0.08896841244868137,0.03441142124955768,0.09932622502492454,0.09944751381215469,0.30963644444444444,362
2020-07-26,0.018374359027590437,0.03379330628470927,0.05307508222394093,0.05405405405405406,0.34641160409556315,518
2020-07-27,0.03833594019957909,0.02643143801504817,0.06795657597080601,0.033628318584070796,0.3058648387096774,565
2020-07-28,-0.015106136926932301,0.035094523713927246,0.056503809082094486,0.04181818181818182,0.40015474006116214,550
2020-07-29,0.004843192652819628,0.03373628677330861,0.03560580773580393,0.06309751434034416,0.37494894366197185,523
2020-07-30,0.051528015621622236,0.034130779337797304,0.07191721088198794,0.0361247947454844,0.403820202020202,609
2020-07-31,0.03278080791374305,0.03368239975713207,0.05758664736554727,0.05615942028985507,0.24870315789473682,552
2020-08-01,0.11472879933031455,0.04151776001089593,0.1308869959390896,0.07692307692307693,0.3067595541401274,585
2020-08-02,-0.03771552029803649,0.049852807022924335,0.1402793294540306,0.040145985401459854,0.34102978723404254,548
2020-08-03,0.04214905389492407,0.050017158619542416,0.07320986076490253,0.04942339373970346,0.35668427672955977,607
2020-08-04,0.009268331434598931,0.04732441610649526,0.045876512600190454,0.0457516339869281,0.2915307692307692,612
2020-08-05,0.030048314527684195,0.045933604727671586,0.05153944963799671,0.06678700361010831,0.3283957364341085,554
2020-08-06,-0.016505937684973437,0.04887881275763363,0.027113841191415817,0.20923076923076922,0.3640649831649832,650
2020-08-07,-0.03911541815215902,0.05422419713051887,0.0766990151588201,0.15575221238938053,0.35411283018867923,565
2020-08-08,0.03813973844051355,0.03499126364316563,0.04383503578491211,0.12200435729847495,0.2843387755102041,459
2020-08-09,-0.00727668269636883,0.030594138080204152,0.035178765798958525,0.10869565217391304,0.2386233333333333,460
2020-08-10,0.012188354008983548,0.026911004034764655,0.021313468718578383,0.05045045045045045,0.31823247588424436,555
2020-08-11,-0.03916137413020415,0.031166107130736035,0.06976168530395781,0.08781362007168458,0.3188931506849315,558
2020-08-12,0.027971975327389265,0.030805866581526755,0.06153889347430217,0.07981220657276995,0.260132,639
2020-08-13,0.008548265724572346,0.03048234358270506,0.020414620025854455,0.07637906647807638,0.24445,707
2020-08-14,0.0,0.025205749528098828,0.010288974861261265,0.029585798816568046,0.30311006711409394,845
2020-08-15,0.0976366029528295,0.04222481545963842,0.016796595107621787,0.04145936981757877,0.25726850828729286,603
2020-08-16,0.0021143477896290452,0.041570153190234084,0.048873991840364076,0.07027027027027027,0.33371360759493673,555
2020-08-17,-0.009809794841677544,0.04268873771932212,0.04628780493130436,0.06201550387596899,0.34761516587677727,774
2020-08-18,-0.013647287940393715,0.03842138147351528,0.03003747000424834,0.05291970802919708,0.3163808777429467,548
2020-08-19,-0.04061075039961426,0.043325656843052895,0.07161563177527867,0.08637236084452975,0.37805824915824915,521
2020-08-20,0.024543411694679662,0.04388107592802248,0.036159858309887556,0.0718954248366013,0.34894827586206895,612
2020-08-21,-0.06558797912834868,0.05223208769239186,0.07496563258355102,0.05235602094240838,0.34593250883392224,573
2020-08-22,0.017240649217638238,0.03185113082903898,0.035092184783616524,0.07317073170731707,0.3598966386554622,410
2020-08-23,-0.011243674220886346,0.031241335315203202,0.028947634480243574,0.05485232067510549,0.40963125,474
2020-08-24,0.042821591845782825,0.03805327770421557,0.05125109938413556,0.05150214592274678,0.37585816326530613,466
2020-08-25,-0.059153514103867044,0.04301355461655781,0.08374150855428034,0.045816733067729085,0.37408798449612407,502
2020-08-26,0.006419464792378982,0.04165950561450942,0.03429214271174101,0.048561151079136694,0.4246444099378882,556
2020-08-27,-0.009919348289132435,0.039363123117286646,0.05298024559876065,0.034545454545454546,0.3832361216730038,550
2020-08-28,0.034607696412425115,0.034234822038929275,0.04308029526556876,0.05162523900573614,0.35322527881040894,523
2020-08-29,0.010222439806363726,0.03384773224862463,0.031790060366895176,0.04408352668213457,0.44028105726872246,431
2020-08-30,0.07119959446812096,0.04187679809812208,0.07270864172034568,0.20245398773006135,0.37634767441860467,489
2020-08-31,0.01560246145438593,0.039945851559893046,0.04385005446095433,0.07865168539325842,0.3686624624624625,623
2020-09-01,0.09647008242670307,0.03841545894710563,0.12677845873063442,0.04044117647058824,0.38362201405152224,816
2020-09-02,-0.07758362432482746,0.05659074664136671,0.11712797430622264,0.03398692810457516,0.2768042316258352,765
2020-09-03,-0.12355357669825051,0.0786366308465679,0.15537608541444903,0.056179775280898875,0.3672763406940063,623
2020-09-04,0.006661651670800017,0.07751638465951327,0.08000344476466435,0.051330798479087454,0.3228992156862745,526
2020-09-05,-0.13646431514024338,0.09260649694200052,0.19945943200870717,0.06047516198704104,0.34613633093525176,463
2020-09-06,0.05399445901739619,0.08993850940473455,0.12143740194705348,0.07329842931937172,0.38841714285714285,382
2020-09-07,-0.0019491920668907037,0.0889036643554626,0.09041591105929139,0.045,0.4047125,400
2020-09-08,-0.042734662746665264,0.07061531085203068,0.0757245911307509,0.04316546762589928,0.4537425287356322,556
2020-09-09,0.04001131555765025,0.07564344820364609,0.0799215444273871,0.0920353982300885,0.3490486206896552,565
2020-09-10,0.0483947758370058,0.06734021359606503,0.0747855161769937,0.046125461254612546,0.37839850187265917,542
2020-09-11,0.0179126528722664,0.06778614755744461,0.05717673548480411,0.06015037593984962,0.32111866666666666,532
2020-09-12,0.03332710934626215,0.034034916774662,0.052580032591820085,0.02743142144638404,0.38105339805825245,401
2020-09-13,-0.055821403437776196,0.04103198693424604,0.08933651520550383,0.08264462809917356,0.21804691358024691,363
2020-09-14,0.032001722949058564,0.04198752641994787,0.07359981112259507,0.06273062730627306,0.3961630705394191,542
2020-09-15,-0.03294641476796256,0.040039212390087946,0.047464664708025434,0.04448742746615087,0.3961348314606742,517
2020-09-16,0.00266712852505524,0.03810100664625194,0.04409854261270863,0.04065040650406504,0.3636567669172932,492
2020-09-17,0.06343944400149493,0.041159366706012765,0.07955504652374898,0.038917089678511,0.4086099378881987,591
2020-09-18,-0.011965161288835735,0.04158621732491532,0.038370685044388786,0.03890489913544669,0.39423646723646727,694
2020-09-19,0.003069590186254967,0.03960185479777522,0.02174835722788577,0.0482897384305835,0.4338740350877193,497
2020-09-20,-0.037587261109954584,0.035723006074024274,0.047986810073376414,0.07462686567164178,0.39168577075098815,402
2020-09-21,-0.07887489344487986,0.04413887121250013,0.10680682113146217,0.05458089668615984,0.47198527397260276,513
2020-09-22,0.00794967514247813,0.04379028634534268,0.02851950826022419,0.03131115459882583,0.4946613718411552,511
2020-09-23,-0.06788571930576415,0.0489245316753216,0.07458772981814535,0.04672897196261682,0.5053445859872612,535
2020-09-24,0.08794093066936881,0.05603269084878689,0.10254805907771751,0.06593406593406594,0.5080250000000001,455
2020-09-25,0.008093929853352222,0.05665801770646294,0.053681161960714395,0.05084745762711865,0.47161147540983606,413
2020-09-26,0.009383880918127696,0.056969537545877864,0.021988453185831022,0.06818181818181818,0.4655283333333333,396
2020-09-27,0.005486560373850979,0.05582554557328025,0.03423011485354373,0.10703363914373089,0.44795,327
2020-09-28,-0.006376128110424872,0.04536063567262613,0.03320386302986513,0.07317073170731707,0.4642967637540453,533
2020-09-29,0.012946215233494485,0.04542888928452947,0.02315848844490184,0.06614785992217899,0.3897405498281787,514
2020-09-30,0.0005016709400422759,0.031982860522172016,0.021805532878923006,0.0375234521575985,0.457180204778157,533
2020-10-01,-0.018703113594788823,0.010982112115918229,0.06324393106654662,0.05565529622980251,0.38270149812734083,557
2020-10-02,-0.01972504062835556,0.013081333720720397,0.05000223939721304,0.05336426914153132,0.41018688524590163,431
2020-10-03,0.0008178512255949677,0.012169008895178161,0.019181894497850512,0.04281345565749235,0.40883486238532113,327
2020-10-04,0.017479177315393724,0.014313289334975877,0.025720355042948766,0.20555555555555555,0.32079234042553195,360
2020-10-05,0.003907676900265056,0.014300931042779028,0.015689271123818706,0.09141274238227147,0.4185010204081633,361
2020-10-06,-0.03712579392908988,0.018438815756218807,0.04798811697749773,0.04329004329004329,0.29439644670050763,462
2020-10-07,0.002913079346099856,0.018635780154483774,0.023186464560673085,0.027837259100642397,0.36003886462882095,467
2020-10-08,0.026206153245704078,0.02152419941597544,0.04842642835415054,0.05459057071960298,0.318270202020202,403
2020-10-09,0.042262679837454575,0.02491908278177199,0.05725936182820985,0.058011049723756904,0.35620604395604394,362
2020-10-10,0.014708017016037411,0.02479847821371257,0.03533942416603269,0.05054151624548736,0.42799483870967747,277
2020-10-11,0.011252900126309529,0.02459845899211197,0.020000517624362255,0.0725,0.3516909090909091,400
2020-10-12,0.03355853098792716,0.02605305624428326,0.07598693266840167,0.10557768924302789,0.2327976851851852,502
2020-10-13,-0.01686865316771835,0.019905718131322164,0.030462148840857226,0.058333333333333334,0.32659857819905214,480
2020-10-14,-0.004477347101379259,0.020904423268668197,0.03435115374370645,0.04316546762589928,0.3443519313304721,417
2020-10-15,-0.005381496890481285,0.02154096378740598,0.025988577758095998,0.04727272727272727,0.31201089743589744,550
2020-10-16,-0.0297074333080809,0.02114970271146854,0.046111506917198786,0.06086956521739131,0.3933367346938776,460
2020-10-17,0.007172897220188323,0.020483789212262574,0.014423177650546227,0.0755287009063444,0.4629785714285714,331
2020-10-18,0.025369681074837835,0.02244990168779202,0.028390850130496907,0.047619047619047616,0.328,357
2020-10-19,0.00455274710919551,0.017693960377519694,0.025406014421821044,0.04780876494023904,0.28845017667844525,502
2020-10-20,-0.028422432897901806,0.019658878732216428,0.03465698963062509,0.042986425339366516,0.30350471698113207,442
2020-10-21,0.062451223675694,0.032015037780689794,0.08643403858977096,0.061461794019933555,0.3530415954415954,602
2020-10-22,0.05503207006504485,0.036528391216894225,0.07373227103582222,0.03281519861830743,0.35566333333333333,579
2020-10-23,-0.009682364776769203,0.033186453180898086,0.038347671933759715,0.03317535545023697,0.38511366120218576,633
2020-10-24,0.006566973951031008,0.03321603615844145,0.02134852411551701,0.03636363636363636,0.371586941580756,440
2020-10-25,-0.015128481679403394,0.03490815736707996,0.028629720444810703,0.053475935828877004,0.39939516728624536,374
2020-10-26,-0.03035181950327004,0.03827439842800859,0.06769018724269768,0.05506607929515418,0.29037756097560974,454
2020-10-27,0.02566395494111484,0.035583604574700806,0.048654448246880436,0.039285714285714285,0.3528003205128205,560
2020-10-28,-0.03798610538871805,0.03269082404058898,0.06885797127693835,0.05139186295503212,0.4052992277992278,467
2020-10-29,-0.00494185877064357,0.021576758720594752,0.030718901261861793,0.052054794520547946,0.3749610576923077,365
2020-10-30,-0.010110724180779407,0.021578272175445338,0.04233524865454652,0.05825242718446602,0.3038268292682927,412
2020-10-31,0.009848867297657993,0.022015996354827788,0.03060146645993892,0.028735632183908046,0.388119512195122,348
2020-11-01,0.0252666731377873,0.025205265859758217,0.03091287957406554,0.07123287671232877,0.3327244343891403,365
2020-11-02,-0.03330687949768896,0.02575399584495788,0.05606854409759544,0.0546218487394958,0.3528546511627907,476
2020-11-03,0.011602146960327353,0.023539390721218387,0.04750716046931891,0.057815845824411134,0.3446723849372385,467
2020-11-04,0.037512238455630564,0.02355619827196412,0.07698091250776871,0.037037037037037035,0.3272360465116279,513
2020-11-05,0.0296545493794671,0.02469406643065334,0.050430080381561375,0.03776978417266187,0.28047021276595746,556
2020-11-06,0.09817715226871648,0.039454457153946486,0.10437525194564841,0.059782608695652176,0.307012012987013,552
2020-11-07,-0.041797556351477194,0.046986943088565596,0.08185016838716307,0.04966139954853273,0.26351782945736435,443
2020-11-08,0.040948158229557885,0.04774996463451425,0.05651969776760659,0.06060606060606061,0.3750532608695652,396
2020-11-09,-0.020706932788781773,0.04557605846494106,0.048913109341849746,0.04793028322440087,0.3233163568773234,459
2020-11-10,0.012420132566609565,0.045545399982645215,0.03187598037627018,0.04180602006688963,0.40254766081871346,598
2020-11-11,0.0295341527528461,0.04520024756763542,0.05349120353414243,0.029180695847362513,0.3099414215686275,891
2020-11-12,-0.004223376471304885,0.04594858538949515,0.033707957166049636,0.0425531914893617,0.3711465968586387,705
2020-11-13,0.029546624806082722,0.030197399549072624,0.038869377483686886,0.04285714285714286,0.3657695238095238,560
2020-11-14,-0.03050100782830223,0.02735194700653115,0.04672168779893914,0.03651685393258427,0.35151956521739125,356
2020-11-15,-0.027362264212024923,0.02584224606566792,0.045071693134296396,0.03757225433526012,0.44141024390243905,346
2020-11-16,0.02766387138411508,0.026347872467144946,0.04095417161505591,0.04568527918781726,0.3902246305418719,394
2020-11-17,0.04439656503570388,0.030268897325093167,0.046200016505973836,0.064891846921797,0.35134608938547485,601
2020-11-18,-0.0018236586714177605,0.029173358162873288,0.0544792385561976,0.07449856733524356,0.36949177489177487,698
2020-11-19,-0.016379376428699466,0.0301849092313117,0.030068912987693222,0.04712041884816754,0.3639026239067055,573
2020-11-20,0.08081360334191401,0.04158329499909849,0.0890078042246272,0.07988587731811697,0.42833907766990287,701
2020-11-21,0.07796463091229833,0.04370778746759149,0.09022094657345779,0.045816733067729085,0.35531875,502
2020-11-22,0.015617258080950602,0.0374575455515022,0.11802887441453436,0.04181818181818182,0.4048513196480939,550
2020-11-23,0.09028635353044878,0.04312884748292002,0.10522600444442294,0.034578146611341634,0.32463865336658354,723
2020-11-24,-0.0074882938497560225,0.04685622598136956,0.044925612499358676,0.030133928571428572,0.3534646365422397,896
2020-11-25,-0.054994624536071735,0.0568930473106676,0.0752154768736496,0.035161744022503515,0.39907536231884055,711
2020-11-26,-0.09091757340408235,0.07139357797827857,0.15800497995760152,0.05042016806722689,0.32639566929133856,476
2020-11-27,-0.002520206710783568,0.06546661640358477,0.06460026561439525,0.06535947712418301,0.3023935064935065,459
2020-11-28,0.040070272127496365,0.05963759552469318,0.07712461732714365,0.07518796992481203,0.29327591240875917,399
2020-11-29,0.06972532414511301,0.06543840709038708,0.08288648604963796,0.05106382978723404,0.3669044117647059,470
2020-11-30,0.06788350466525706,0.061047283623669145,0.07590490365752252,0.03929539295392954,0.38550900473933647,738
2020-12-01,-0.04475672046818013,0.06369325089298936,0.1030883997464388,0.027253668763102725,0.3862933884297521,954
2020-12-02,0.018776946942862693,0.05946791387925689,0.04304973582780623,0.042270531400966184,0.4027101694915254,828
2020-12-03,0.030678266523679776,0.040326631028557935,0.05699017817922651,0.026066350710900472,0.38251673728813557,844
2020-12-04,-0.0767859333872275,0.055790667203995226,0.0805866858562572,0.03419972640218878,0.39308041002277905,731
2020-12-05,0.047845923276043534,0.05644462732312174,0.05881964762959641,0.04807692307692308,0.36486996904024765,520
2020-12-06,0.008906399604046156,0.05127576386310338,0.037514889890695305,0.03885480572597137,0.4512050793650794,489
2020-12-07,-0.01672281561901312,0.04414817170396794,0.029061734859150493,0.05272727272727273,0.4190705263157895,550
2020-12-08,-0.06254293543213807,0.04724883972296083,0.07143480261593882,0.05025125628140704,0.412208115942029,597
2020-12-09,0.03361647702732129,0.0489082212080183,0.07983155572819783,0.027777777777777776,0.3814745257452575,612
2020-12-10,-0.024064713587866327,0.04657328199133779,0.04327099273447281,0.06563039723661486,0.428596,579
2020-12-11,-0.02480202474047133,0.03803598740472064,0.04031782834885464,0.04160246533127889,0.38071630094043885,649
2020-12-12,0.04171873887664934,0.0366518885430322,0.051493673244711165,0.04197530864197531,0.34555137254901963,405
2020-12-13,0.03710361827051534,0.03999486840830006,0.05138013540237069,0.03636363636363636,0.3861658008658009,550
2020-12-14,-0.006193485350021066,0.039555063010287064,0.022677047301187494,0.05860805860805861,0.4165073800738008,546
2020-12-15,0.005707144768076322,0.028704924601033507,0.026652516742593106,0.03718199608610567,0.35086986301369866,511
2020-12-16,0.07945329784825916,0.03873040249800834,0.09264195491027805,0.04776119402985075,0.33328347338935577,670
2020-12-17,0.010511331569707627,0.03484447353298035,0.07087090792822878,0.0712719298245614,0.4112251798561151,912
2020-12-18,0.018577595875192365,0.028773355557914205,0.04719589539521042,0.03615819209039548,0.45233274336283186,885
2020-12-19,0.00685082141265525,0.02875750593703998,0.03384128129163478,0.05663189269746647,0.3882540059347181,671
2020-12-20,-0.031862803213706825,0.0339518290745194,0.05295815235660129,0.047619047619047616,0.3093161559888579,609
2020-12-21,-0.04460815141236574,0.039934391940523686,0.07208119459809424,0.0547008547008547,0.42837934131736527,585
2020-12-22,0.041055418320651293,0.04201641839579078,0.07470146221175153,0.05180533751962323,0.43673643617021274,637
2020-12-23,-0.08055330282558293,0.04236174675506657,0.12091302547553298,0.06074766355140187,0.4076254794520548,642
2020-12-24,0.04778463685611123,0.04759864965040113,0.07741144964669683,0.060109289617486336,0.3336021538461538,549
2020-12-25,0.0242042850645805,0.048129550041616086,0.045191397078985514,0.033112582781456956,0.4829894557823129,453
2020-12-26,0.015046245547010395,0.0485721489173373,0.053183462736477026,0.030852994555353903,0.3379953727506427,551
2020-12-27,0.07361417203665899,0.05453124705436279,0.13061846389585186,0.036048064085447265,0.36516681034482756,749
2020-12-28,0.06995611258721257,0.05222619270085056,0.09173216873040405,0.052434456928838954,0.36111868327402136,801
2020-12-29,0.001537182312071117,0.05262595874062653,0.06271365870326083,0.06116642958748222,0.3879712406015038,703
2020-12-30,0.027475461966266934,0.027498432330269,0.04554421888101393,0.06091370558375635,0.35228581314878893,788
2020-12-31,-0.01838108771302127,0.033847720840424,0.03696985967443781,0.05748663101604278,0.4035436720142603,748
2021-01-01,-0.01007833331112451,0.036780219876113275,0.039866161014061964,0.060218978102189784,0.36534924242424244,548
2021-01-02,0.06047283693416361,0.0391293093537891,0.094042563864943,0.08571428571428572,0.3752379367720466,805
2021-01-03,0.25947531507656985,0.09599946476512596,0.30342124778050056,0.03434343434343434,0.33545526315789476,990
2021-01-04,0.06635045240281934,0.09592036268351348,0.24653980820285645,0.048286604361370715,0.31898814180929097,1284
2021-01-05,0.05746121141407712,0.09298360627318752,0.13687985174370088,0.03867403314917127,0.356268778280543,1448
2021-01-06,0.09736867323238152,0.09225109782914527,0.13187515047201512,0.0452991452991453,0.35643649635036495,1170
2021-01-07,0.015380426499506328,0.08741869367612153,0.09530544352346233,0.03130590339892665,0.35335892351274784,1118
2021-01-08,-0.0012083025289059135,0.08598061754207625,0.16129783579585286,0.03587443946188341,0.35103342070773264,1115
2021-01-09,0.04646322397289304,0.08665309754640378,0.09936863040411051,0.05357142857142857,0.3170161054172767,896
2021-01-10,-0.01469905628801449,0.040009792397022625,0.11961432554604441,0.04,0.2769284403669725,1150
2021-01-11,-0.13634521333613558,0.07460173335179797,0.26687876777093544,0.04655674102812803,0.30989596100278555,1031
2021-01-12,-0.04284822042130787,0.07341157857719728,0.12537694833542815,0.04909819639278557,0.3379515731874145,998
2021-01-13,0.08367061994710578,0.07034250769520725,0.13393116787448683,0.03735325506937033,0.36745396341463415,937
2021-01-14,0.07757187540495702,0.07724184032641632,0.1336914904123966,0.045454545454545456,0.35444517611026033,990
2021-01-15,-0.03826029280089316,0.07873745327254135,0.13076987441507862,0.044513457556935816,0.33171285714285714,966
2021-01-16,0.05265500530065026,0.07942397793834956,0.11304840675278424,0.050647820965842166,0.3531280341880342,849
2021-01-17,-0.0027281666130523075,0.07924892873017476,0.07398424145781717,0.04376657824933687,0.330934555984556,754
2021-01-18,0.022035312215074043,0.05208772773934654,0.058634716469624315,0.04880478087649402,0.3665852062588905,1004
2021-01-19,0.09545716671131688,0.04968577777636976,0.14138075855830776,0.03055229142185664,0.34303121442125234,1702
2021-01-20,0.0036145123217925512,0.04752400603725359,0.11811982878536031,0.04108309990662932,0.3747227414330218,1071
2021-01-21,-0.18860454364976376,0.09035200287675951,0.20554815386602415,0.042726347914547304,0.35765406626506024,983
2021-01-22,0.102482407232944,0.09783915467830115,0.20117364466468293,0.05177993527508091,0.3482312408759124,927
2021-01-23,-0.004465440136738774,0.0962653060354387,0.05768607674914836,0.06056527590847914,0.34800745098039215,743
2021-01-24,0.13047927970873374,0.10725891624476855,0.13794330331023077,0.05289052890528905,0.3253771528998243,813
2021-01-25,-0.04828555283147584,0.1106052227998726,0.11707624730483916,0.0398406374501992,0.34538435374149656,1255
2021-01-26,0.024647385654586795,0.10489261323129502,0.09272562781374799,0.04121687929342493,0.35147375565610856,1019
2021-01-27,-0.07654130917729751,0.10908515764402255,0.11246341182446322,0.029333333333333333,0.3231924263674614,1125
2021-01-28,0.06328273671359796,0.07649112438106705,0.10398535642416516,0.02904040404040404,0.3377866976744186,1584
2021-01-29,0.037546610942487124,0.06948001999233543,0.09987762164317886,0.04211060375443937,0.2853721544715447,1971
2021-01-30,-0.004634479396901869,0.06948919664116043,0.053443046383145724,0.02998965873836608,0.33379312499999997,1934
2021-01-31,-0.0444216409304139,0.051432861957178964,0.06566891550341583,0.030689056166763172,0.3188334575260805,1727
2021-02-01,0.041106316381388064,0.050538819701026735,0.07566463810911196,0.048921620199894794,0.36742277362338543,1901
2021-02-02,0.10675601227829024,0.06349509386639597,0.13159477251813423,0.03998203054806829,0.3300342156229826,2226
2021-02-03,0.09616972779431676,0.05361016053144644,0.0996186259031317,0.029562475364603862,0.33456991404011466,2537
2021-02-04,-0.039825677550355265,0.06058217801128862,0.07665270491947795,0.029322984044846918,0.33303773234200745,2319
2021-02-05,0.07768439686683837,0.06351684097993238,0.10140354784648857,0.04796573875802998,0.30185940594059407,2335
2021-02-06,-0.02374189305722274,0.06578688141784546,0.05195356651865163,0.04065040650406504,0.29296673215455143,1968
2021-02-07,-0.03791706242133397,0.06458670943368537,0.11223518166771267,0.02993722839208112,0.32934189842805317,2071
2021-02-08,0.08201384202762263,0.06739448391757356,0.12333023520270572,0.029449978345604158,0.3211978235967927,2309
2021-02-09,0.012262659393084352,0.06024992571164712,0.05972949379390853,0.035597381342062195,0.3395948533480908,2444
2021-02-10,-0.013456512098060647,0.05198651656546444,0.07927101494090265,0.0348993288590604,0.35402855384615384,2235
2021-02-11,0.022677177723726905,0.047552451966555075,0.056121450776924445,0.04335260115606936,0.3483123540258144,2076
2021-02-12,0.033487334073510455,0.0405877553625913,0.06570710804774617,0.042303771661569824,0.33023207292370016,1962
2021-02-13,-0.015959975863342635,0.039579262859865245,0.05476799669058838,0.04376899696048632,0.3607367298578199,1645
2021-02-14,-0.004975335973955719,0.03427568432221781,0.032099173785081384,0.04404466501240695,0.3233406133133882,1612
2021-02-15,-0.014012127855632106,0.019940099357452074,0.08307521812952305,0.04764542936288089,0.34329925261584454,1805
2021-02-16,0.0007172185755117688,0.019505533595357945,0.05333311590618691,0.054442732408834106,0.35048124087591237,1947
2021-02-17,0.03783730607735736,0.022484323829783655,0.06565903048608558,0.041926345609065156,0.3257427152317881,1765
2021-02-18,0.048143355602851434,0.02679940742403943,0.055024761329126835,0.048278591214879304,0.3187375343973583,2527
2021-02-19,0.011724429439693207,0.025125205532071187,0.03758009934506141,0.05042016806722689,0.29617909577053964,2618
2021-02-20,-0.02072822749419989,0.025967356892315257,0.1049822163969559,0.045172719220549155,0.2674333927510398,2258
2021-02-21,0.008370290599990948,0.025304266449279474,0.04372369086150293,0.03957010258915486,0.3165908529048208,2047
2021-02-22,-0.07935937203017496,0.04218733961598938,0.1838370415020274,0.03609939052977028,0.2886657429245283,2133
2021-02-23,-0.1188495427267704,0.06190055082357623,0.22598297541899692,0.041689522764673616,0.2915147186147186,1823
2021-02-24,0.035900929320112906,0.06162292278046648,0.12724646664545455,0.05263157894736842,0.34433968957871397,1748
2021-02-25,-0.0927543487809045,0.06001736024331872,0.12622486006993772,0.03817177297840281,0.33131136653895277,1991
2021-02-26,-0.020105719138392097,0.05687582977687688,0.10215352077052775,0.0389988358556461,0.3412220664206642,1718
2021-02-27,0.009639796851966809,0.05977098357530327,0.0629923585748621,0.04215196894065446,0.3134507754551585,1803
2021-02-28,-0.030085632673854,0.05661822706495467,0.11502427852968453,0.05089647194910353,0.3022786775631501,1729
2021-03-01,0.10498136070061581,0.07601758599777697,0.10674822689369251,0.04057971014492753,0.34386858475894244,1725
2021-03-02,-0.04607814931734078,0.06354403906980141,0.08713497535261037,0.037100456621004564,0.33411375661375664,1752
2021-03-03,0.055771016118990824,0.06609434793978991,0.11294688899758293,0.04238143289606458,0.34883758052970654,1982
2021-03-04,-0.02153680344451714,0.05435346341249731,0.07103310845194104,0.0486646884272997,0.33970119712689545,1685
2021-03-05,-0.005602976787482339,0.05339320071247334,0.06291545655154966,0.029803424223208624,0.325437828668363,1577
2021-03-06,0.07922032467505491,0.05952950255412153,0.0978648851612758,0.0338420703384207,0.31268773168578995,1507
2021-03-07,0.041343181656860795,0.055600719268000795,0.057001436523247524,0.04161248374512354,0.30358600682593856,1538
2021-03-08,0.06474993136101226,0.04809869323869351,0.09526004785489511,0.030385241454150842,0.33852035466461067,1843
2021-03-09,0.01816121916095703,0.037454354128791056,0.03475597910482048,0.05876235049401976,0.34069326923076926,1923
2021-03-10,-0.03687406799460424,0.04393926161607066,0.05743292560300395,0.04853888063397722,0.35085513552068476,2019
2021-03-11,0.01502293824006351,0.04020386509597781,0.060733952293790555,0.05726184279021343,0.2818396664249456,1921
2021-03-12,-0.029620335548293686,0.04410128836194582,0.06050561906018998,0.056114346214928536,0.3176754050073638,1889
2021-03-13,0.08610278666490645,0.04564665591130721,0.11511652375615918,0.059316956261234274,0.3029015873015873,1669
2021-03-14,-0.03643247902425717,0.049642582094640765,0.04452490660444411,0.0423728813559322,0.3146261776061776,1770
2021-03-15,-0.03389587138845884,0.04589588940761916,0.07528793598530165,0.040022547914317926,0.28804678456591637,1774
2021-03-16,0.008522320180903709,0.0453134091777415,0.05412084647416933,0.06392199349945829,0.2733211583011583,1846
2021-03-17,0.009118912075156693,0.043008125836576004,0.050158386968435546,0.032916392363396975,0.36369762773722625,1519
2021-03-18,-0.022262342860327022,0.04353157387927889,0.07839691361791,0.0344622697563874,0.3426921783010934,1683
2021-03-19,0.019501847055983346,0.04240168123083684,0.05313832811187133,0.03215223097112861,0.32059430970149255,1524
2021-03-20,-0.0027450621450469948,0.022478655756819326,0.034651727026820615,0.06321022727272728,0.314892843866171,1408
2021-03-21,-0.013470774789479667,0.01911512640058311,0.03266776432490644,0.04397163120567376,0.3404527884615385,1410
2021-03-22,-0.05417854211295581,0.024885665012063865,0.07698020594986463,0.05538270068450529,0.32462016666666665,1607
2021-03-23,-0.007499334656955403,0.023834839375547937,0.03700393812698055,0.05155367231638418,0.34949859719438875,1416
2021-03-24,-0.05077691880850943,0.026353515004718487,0.10109650921576334,0.0410958904109589,0.3353386847195358,1460
2021-03-25,0.0012211113768485493,0.02731296622370371,0.04114000024688302,0.046284224250325946,0.3156223358908781,1534
2021-03-26,0.06737218057787708,0.040380970128173245,0.0678193659900498,0.043424317617866005,0.3273202154101077,1612
2021-03-27,0.008017533454716785,0.04084253051443106,0.03435335292896116,0.03783783783783784,0.3625067901234568,1295
2021-03-28,-0.014645340415261665,0.04087572911676193,0.03258190366195053,0.048799380325329204,0.319209696969697,1291
2021-03-29,0.07587344178443134,0.04528845758352475,0.0907436671648939,0.032632030914555604,0.29720029205607473,2329
2021-03-30,0.014479833327394553,0.04451787140155639,0.03685278423976665,0.039310716208939146,0.335637714712472,1857
2021-03-31,0.039180413085952326,0.03435590817542752,0.08387176705621362,0.05194063926940639,0.3066504482477588,1752
2021-04-01,0.030711005502446653,0.03236741549202786,0.04005749869201711,0.05244956772334294,0.33488823529411765,1735
2021-04-02,0.08392792370669322,0.035838298593018646,0.09700542006847042,0.04748603351955307,0.3312908327953518,2148
2021-04-03,-0.05356561248190661,0.04856122809495511,0.05438433660823571,0.04495747266099635,0.3562646112600536,1646
2021-04-04,0.03189691304867237,0.045281948478994846,0.050916308694960236,0.04661654135338346,0.35364421397379914,1330
2021-04-05,0.007053692008857526,0.04142092346133188,0.05187962827234644,0.04833836858006042,0.3426537511032657,1655
2021-04-06,0.0049774309337893285,0.041860115264777745,0.04437761117844105,0.04361873990306947,0.3275483846731781,1857
2021-04-07,-0.06953510516857453,0.05260500110729579,0.08865413419198595,0.04100367197062423,0.35320523605150217,1634
2021-04-08,0.05961024365580414,0.05597883612336644,0.06725645400979344,0.04533333333333334,0.3523142066420664,1500
2021-04-09,-0.007883262935478808,0.0452847760037673,0.02284134776208019,0.05008441193021947,0.3200676697530864,1777
2021-04-10,0.030805970584239617,0.04088331267139511,0.06480034195882332,0.051735428945645055,0.31236093600764087,1527
2021-04-11,0.01016639699935884,0.03958238573305729,0.021218397245110366,0.04516584333098095,0.3532701535508637,1417
2021-04-12,-0.00848320228166155,0.039884317918252525,0.041416190756423193,0.0444087747458534,0.3377330621301775,1869
2021-04-13,0.07471164196278623,0.04833086769200178,0.08407344612278649,0.0421875,0.3379758314855876,1920
2021-04-14,0.05911532486741855,0.034216170147126246,0.07181333164563072,0.0340274250888776,0.329432973362131,1969
2021-04-15,0.034499982784436556,0.03197809217087808,0.05514835770175097,0.04335139641517299,0.3052359861591695,2399
2021-04-16,-0.03460324687927141,0.03795115024490108,0.09094827303910498,0.042834890965732085,0.3134311475409836,2568
2021-04-17,-0.03579499906117878,0.043785809275784245,0.06736775659233417,0.0405040504050405,0.3128421905379132,2222
2021-04-18,-0.04595427687999243,0.049428255170456493,0.15073549562140703,0.03830179972311952,0.31184118438761776,2167
2021-04-19,-0.031713865257077645,0.05132298035879057,0.08493543052861499,0.04423243712055507,0.3380551703163017,2306
2021-04-20,0.07571924215576864,0.051558843892352275,0.1321458119590775,0.03603960396039604,0.3380559110629067,2525
2021-04-21,0.014823072344537502,0.04594177032139251,0.09816308564268378,0.04542395693135935,0.31542038442083964,2972
2021-04-22,0.016400629647961296,0.04392559643532628,0.1378933376291061,0.044144144144144144,0.3247672853828306,3330
2021-04-23,-0.01662095064091007,0.04246706314642234,0.13430361701348764,0.03893951946975974,0.33021656843483954,2414
2021-04-24,-0.06429229983787632,0.04720256988987044,0.08619798234955661,0.05377456049638056,0.37455807584269657,1934
2021-04-25,0.0472203981710162,0.04764614952142492,0.08199525092675754,0.04315841098577734,0.3612143939393939,2039
2021-04-26,0.09430764814059311,0.054382537972578276,0.09830756274689159,0.039442231075697214,0.32357826887661145,2510
2021-04-27,0.05065471251592779,0.051132901865172505,0.07538100973102922,0.042232277526395176,0.3458992725509214,2652
2021-04-28,0.031362761393318506,0.05121668269802263,0.07257737699901465,0.04191201939729823,0.3337247575057737,2887
2021-04-29,0.003822100746354362,0.05169374460150495,0.045791836230231024,0.045229681978798585,0.34411416827853,2830
2021-04-30,0.005923419073318392,0.049625823825985904,0.024616148458421028,0.04054054054054054,0.35058248259860786,2368
2021-05-01,0.06226926726883919,0.03193995561790088,0.07051710396776864,0.02437137330754352,0.3244595696489241,2585
2021-05-02,0.002092183093844735,0.035155671881470785,0.04222144603119778,0.04720133667502088,0.31376405895691606,2394
2021-05-03,0.16226998266797343,0.056760402532507935,0.16903843206174113,0.0322937403229374,0.29169644951140067,4521
2021-05-04,-0.051720260748051805,0.0673984992454875,0.09992130602836011,0.03532901833872708,0.3018544581091468,3708
2021-05-05,0.08272414614229961,0.07019987551208583,0.10132869904399547,0.049719530851606325,0.27210238647663243,3922
2021-05-06,-0.009056115327379044,0.07140923431078494,0.06032911491410088,0.06167846309403438,0.3020918666666667,3956
2021-05-07,-0.0017621810750483302,0.07201170181626927,0.058172440892533754,0.05580075662042875,0.29342799180327866,3172
2021-05-08,0.11992865177101031,0.078611382559389,0.14256118827211287,0.040944411237298264,0.2904227559055118,3346
2021-05-09,0.0067126151109973,0.07822423172035631,0.06066016083169944,0.04549618320610687,0.28221118827160496,3275
2021-05-10,0.005968463572816551,0.058781729205900385,0.1307256976201765,0.0400287631831256,0.2423145945945946,4172
2021-05-11,0.054754829296606466,0.04964379236058007,0.09987137429266266,0.04604051565377532,0.2572795233299765,3801
2021-05-12,-0.09183974603647438,0.06449326106906854,0.1380963409412845,0.051567469332121765,0.273038702133879,4402
2021-05-13,-0.018674845209929458,0.0651186033263262,0.12618611817931502,0.0475557917109458,0.2572892523364486,3764
2021-05-14,0.0979527454884217,0.07242759889528133,0.1256993552056614,0.038163201985727584,0.3113377314814815,3223
2021-05-15,-0.1080973781635769,0.07386606225752967,0.1204782426877668,0.05714285714285714,0.28971123260437376,2555
2021-05-16,-0.013912627140261535,0.07361075591099178,0.14496675724933653,0.04122497055359246,0.29362985942801745,2547
2021-05-17,-0.08504749345954943,0.07810772452413516,0.12809629214570548,0.051650485436893205,0.2988376737004632,2575
2021-05-18,0.02975638625948518,0.07441487982891977,0.09645205647552474,0.04712230215827338,0.30821539961013644,2780
2021-05-19,-0.2720034989984458,0.11857947403146295,0.43914458075867635,0.044511378848728245,0.2575845809054236,2988
2021-05-20,0.1315144850279033,0.1378222036353895,0.3373106539669529,0.04769290422644436,0.2984234126984127,2579
2021-05-21,-0.12702421254569962,0.12854866242532018,0.2975311670423118,0.049512987012987016,0.3169199779249448,2464
2021-05-22,-0.055506682176398425,0.12703879346791014,0.12966211345737708,0.05331882480957562,0.28597411607738493,1838
2021-05-23,-0.08107563965791353,0.12585829955822564,0.28147938527536154,0.05550098231827112,0.26743345794392526,2036
2021-05-24,0.2531362546402198,0.1731743720215899,0.27713040782095516,0.0414765657403567,0.288015661971831,2411
2021-05-25,0.023845589781619658,0.17292082482913787,0.13445638076700964,0.0426506873457878,0.31410956612650287,2837
2021-05-26,0.06726806710513111,0.13280743763589087,0.09591286961764801,0.04075235109717868,0.3336626442812172,2871
2021-05-27,-0.05269157914912759,0.12755767185847453,0.0852079075663392,0.04625735912531539,0.3712058303886926,2378
2021-05-28,-0.11568924399210101,0.12567532929296385,0.15497062514844534,0.04921911973497397,0.33380314505776637,2113
2021-05-29,-0.05801551660114801,0.12588208816170962,0.1484828890945497,0.038192576654115115,0.33282961095100866,1859
2021-05-30,0.04860295519405988,0.12048635185594707,0.12437111843400286,0.04904789382573572,0.27959378486055775,1733
2021-05-31,0.13581530419916188,0.0866823244864141,0.18278739521183654,0.04105310129406515,0.3311481553398058,2241
2021-06-01,-0.029992105472159913,0.08732659832123578,0.07703501310780543,0.04322638146167558,0.312169,2244
2021-06-02,0.027570171475461702,0.08337891986808034,0.09337446342204235,0.056910569105691054,0.3535101788170564,2214
2021-06-03,0.05506085698536389,0.08334248899656821,0.08254789511958363,0.038494809688581315,0.35389999999999994,2312
2021-06-04,-0.05846729727731925,0.07095388787036447,0.10308405980923836,0.04321239298817774,0.31336875,2453
2021-06-05,-0.02143378681784236,0.06563652892506991,0.0963179232695971,0.05682421667551779,0.2898948453608247,1883
2021-06-06,0.0321282619063854,0.064832952428462,0.04839956624561319,0.043213296398891966,0.30027771822358346,1805
2021-06-07,-0.04597609467416419,0.04372978427321291,0.09627174261317577,0.04812563323201621,0.3357714285714286,1974
2021-06-08,-0.02811477880219615,0.04356264770799977,0.11766723703107206,0.03975363941769317,0.34545207336523126,1786
2021-06-09,0.03607967275140611,0.04474538226503489,0.08480317891569775,0.04730831973898858,0.332127171314741,1839
2021-06-10,-0.05242880100536773,0.039021045749791254,0.0706802540873996,0.03325301204819277,0.3390605828220859,2075
2021-06-11,-0.04764276703925319,0.03741206534742767,0.0681580030048958,0.04017857142857143,0.34762596314907873,1792
2021-06-12,0.007951404518408811,0.03861769987186675,0.07706537620087651,0.0411373260738052,0.3501559233449477,1653
2021-06-13,0.05728475003278555,0.044368297267360426,0.09892895026467388,0.05073859987154785,0.3190183613030602,1557
2021-06-14,0.011760335012387824,0.041954840975662426,0.054626275151698336,0.04173716864072194,0.3201839581517001,1773
2021-06-15,0.02878199439256135,0.04159804831663534,0.04794727542881613,0.0341047503045067,0.3497805093046033,1642
2021-06-16,-0.09317469421170865,0.053101581210903526,0.07869898775497687,0.04552429667519182,0.325870458135861,1955
2021-06-17,0.0018324087425345414,0.05018078241823247,0.06119782618867452,0.04356740133264992,0.3326763178599528,1951
2021-06-18,-0.059135228463129574,0.05197419819722576,0.09681132897671985,0.05655095184770437,0.3154411067193676,1786
2021-06-19,-0.02385321178322186,0.05190210043075159,0.04900319333024517,0.04685314685314685,0.3065533542976939,1430
2021-06-20,0.031152362199033723,0.04687417788705857,0.10381626601504712,0.034996276991809384,0.3225437352245863,1343
2021-06-21,-0.15933168053538116,0.06980022208569371,0.1747096092319298,0.030988686669945892,0.2744597433841219,2033
2021-06-22,-0.0071473924971324765,0.06514180016796371,0.15135640329243116,0.035752979414951244,0.3082185214626391,1846
2021-06-23,0.061220964864626914,0.07162600654521944,0.11495586236271459,0.042951541850220265,0.30646719160104985,1816
2021-06-24,-0.0006432987923219446,0.07149366610641497,0.07359597622703484,0.05899035734543392,0.29262702702702703,1763
2021-06-25,-0.08812818542383027,0.07473389765789598,0.11228497263831913,0.0463618802318094,0.3167785714285714,1553
2021-06-26,0.00883621915433963,0.07595109259037222,0.0721306817040938,0.038002980625931444,0.25598322147651004,1342
2021-06-27,0.08181294356075841,0.08386230378586895,0.09214229631086072,0.05076923076923077,0.3215399361022364,1300
2021-06-28,0.05091871523044067,0.056713661199190905,0.08892250746845025,0.03907203907203907,0.3005555358724535,1638
2021-06-29,0.03900205638745402,0.05635500315195123,0.07967496263582577,0.05214248838409912,0.3152367521367521,1937
2021-06-30,0.052656898677508446,0.05544366909893369,0.08882117587014533,0.04375,0.29503593073593076,1760
2021-07-01,-0.07075788663197546,0.06537304499113987,0.08499682141567422,0.05670376258611553,0.3063298679867987,1887
2021-07-02,0.01723824062047674,0.04890189529746729,0.06340212919869584,0.045481747456612806,0.28410148837209304,1671
2021-07-03,0.035382553366139824,0.04840545215216585,0.055781656962077736,0.039746543778801845,0.30338153998025663,1736
2021-07-04,0.042949200939414345,0.043367147277296764,0.08688289970752146,0.040625,0.30479058441558443,1280
2021-07-05,-0.053038880496756646,0.04988757469687924,0.0684266674507688,0.05790387955993052,0.3441950131233596,1727
2021-07-06,0.05735376651646762,0.05215394797908903,0.06750724798720166,0.03411028993746447,0.33681154879140557,1759
2021-07-07,-0.004094101603297817,0.04904116066035503,0.045517481086469185,0.038782523318605794,0.2997080838323353,2037
2021-07-08,-0.0842859525385351,0.05259636870387321,0.10120700918756297,0.05448354143019296,0.33688222996515677,1762
2021-07-09,0.01257813642684269,0.0523951912736216,0.06348619110468481,0.06257594167679223,0.29643032863849766,1646
2021-07-10,-0.016438716877833714,0.05034473055627206,0.050396173885761855,0.0546448087431694,0.304067004048583,1464
2021-07-11,0.013385071122849812,0.04661420197868928,0.04209140586981295,0.047736625514403296,0.31522814371257485,1215
2021-07-12,-0.048112084827148904,0.04589918813195615,0.07320285604006174,0.03908355795148248,0.34774284164859004,1484
2021-07-13,-0.04744736447588038,0.03639759629680841,0.058067879366629736,0.04267892317793828,0.35785696465696465,1523
2021-07-14,0.02796135242690756,0.04115905626381652,0.07515283480833673,0.07076622742801367,0.3827502840909091,2049
2021-07-15,-0.041696041288450614,0.032331681417325585,0.07743996846206413,0.060637741766858336,0.3332767784137367,1913
2021-07-16,-0.016111879257649453,0.030105354544817612,0.05536163864605858,0.06136950904392765,0.342008,1548
2021-07-17,0.009807697930634296,0.0319605460795695,0.03303725704098649,0.05072967338429465,0.33171954022988503,1439
2021-07-18,-0.0017237376074400457,0.030218164789517648,0.055427951924470975,0.03856382978723404,0.305980938697318,1504
2021-07-19,-0.04128373928670093,0.029127960730709706,0.057160645564469606,0.039081885856079406,0.3454879241516966,1612
2021-07-20,-0.016390247916955092,0.02566023537184074,0.06318969911290712,0.030211480362537766,0.3167316046966732,1655
2021-07-21,0.11382318806521652,0.053260558493262326,0.14928103324054498,0.042487684729064036,0.31095922787193975,1624
2021-07-22,0.01719357249252429,0.049956058039492726,0.04502586646316219,0.037907100907634814,0.35575463829787235,1873
2021-07-23,0.04916736618072415,0.05050497308403134,0.06370277386157162,0.041620421753607105,0.3542192100538599,1802
2021-07-24,0.03032887011501839,0.050501328671995326,0.04252713664886441,0.033952594490711085,0.35102119275825344,1561
2021-07-25,0.0009843619981828589,0.05030296686328837,0.03914158429633701,0.04041811846689895,0.29914116402116403,1435
2021-07-26,0.01916281666423081,0.042163629283641334,0.11476594676282244,0.03431667670078266,0.3400687558465856,1661
2021-07-27,0.029089196599350275,0.0368882037302208,0.07273747042229714,0.038636363636363635,0.30530265183917876,1760
2021-07-28,-0.0007779399324617797,0.017503057566152107,0.03947028876367769,0.032413491020586944,0.337016613672496,2283
2021-07-29,0.036755750996149805,0.01838286504102673,0.05352171422933204,0.0378657487091222,0.3248101937657961,1743
2021-07-30,0.03612193171746636,0.015835351953751728,0.06185306326159641,0.03689636462289745,0.34765549036043586,1843
2021-07-31,0.02807037067232976,0.01565137967164541,0.05173313438371842,0.036968576709796676,0.31041325518485124,1623
2021-08-01,0.010110407875792315,0.013961727272538835,0.06895873182277219,0.03223915592028136,0.29927442052980135,1706
2021-08-02,0.018854042595646492,0.013975053098126763,0.06034766868894614,0.027527527527527528,0.30295295902883157,1998
2021-08-03,-0.041301727419626344,0.027403683759683894,0.06934919583562904,0.04073522106308992,0.302782661004954,2013
2021-08-04,0.08882464618216601,0.03872865468364978,0.11997958853224018,0.033083370092633436,0.31063410108765194,2267
2021-08-05,0.03769665390657595,0.038776449717535744,0.10997176002979085,0.01998311286236983,0.3149788625167936,3553
2021-08-06,0.02249925048484247,0.038494296010124204,0.07678529572287918,0.03832752613240418,0.3160376571428572,2583
2021-08-07,0.09211428943114863,0.046524742359017615,0.10433080681178314,0.03079794680354643,0.3339890896921017,2143
2021-08-08,-0.045453013169422185,0.05498824954124507,0.07366010697163232,0.039559339008512766,0.31797943661971834,1997
2021-08-09,0.05114038957563549,0.05576015109570077,0.09451910820628905,0.03991915108640728,0.33329815950920244,1979
2021-08-10,-0.008259545562611104,0.049868732979544896,0.05365444905966514,0.0912621359223301,0.3068219440353461,2060
2021-08-11,0.007178896428049919,0.044150894265262884,0.04654818528396384,0.07668439716312057,0.3209075316455696,2256
2021-08-12,-0.03818626679760195,0.04884064106027845,0.07968824817280241,0.0645860424794105,0.3333812388326385,2307
2021-08-13,0.09160678899536445,0.057613301486832365,0.09412776141149383,0.05471956224350205,0.3272768793430196,2193
2021-08-14,-0.017087531604765283,0.04950355842959847,0.034537860521975834,0.04507042253521127,0.3215824018126888,1775
2021-08-15,0.013799294390292483,0.0440330027362391,0.06193367483053418,0.05751765893037336,0.33395546325878595,1982
2021-08-16,-0.04651700650105728,0.045853152928548684,0.05868589334597329,0.045509464357631896,0.3511689423614997,2483
2021-08-17,-0.04487976089527257,0.048982964895080874,0.09282602687010044,0.05063291139240506,0.34649370584457284,2291
2021-08-18,0.001739352869866151,0.0488027879190559,0.05509615693089187,0.05405405405405406,0.33603606311044326,1998
2021-08-19,0.053843531042408355,0.05092570411859171,0.07329449756467359,0.06818181818181818,0.30448672,2508
2021-08-20,0.03274987519676853,0.037923981355095226,0.03775511458151152,0.040110650069156296,0.3339843456480902,2169
2021-08-21,-0.01851310813375251,0.03802903269335574,0.029658509825973838,0.06296691568836713,0.2724943012211669,1874
2021-08-22,0.004969374623651657,0.03759600545402851,0.040519789204091446,0.05501460564751704,0.3329754439681568,2054
2021-08-23,0.023793635924913348,0.03294051506117579,0.04243066100191331,0.04142011834319527,0.32398936026936026,2028
2021-08-24,-0.04422702776313103,0.03276742804415544,0.06152658466268266,0.07246376811594203,0.33094443005181345,2139
2021-08-25,0.01653570002492266,0.03279116785548819,0.051228302864649786,0.04908835904628331,0.32418325791855207,2139
2021-08-26,-0.038633494171843585,0.030687687535050724,0.0586687548852144,0.05257936507936508,0.3294017191977078,2016
2021-08-27,0.054921781394604574,0.035757948556786226,0.07019606886908195,0.06148055207026349,0.28271581120943956,2391
2021-08-28,-0.008010017596058905,0.035073522013558595,0.02059243993327674,0.053936494127881686,0.2569697171381032,2299
2021-08-29,-0.005363231925454737,0.03511251464578441,0.038313529049885164,0.04654581087702107,0.29654956949569494,2041
2021-08-30,-0.0008145719213706881,0.03351228739513232,0.06046628640551592,0.04753597906672481,0.32047412280701754,2293
2021-08-31,0.06493000602955168,0.03672931879998068,0.0841995419354112,0.04708904109589041,0.313125457767277,2336
2021-09-01,0.11681026156384955,0.05421389400776435,0.13100844100667253,0.03883121876201461,0.32794810055865925,2601
2021-09-02,-0.011431521261772604,0.04956224219610528,0.027179120922255197,0.036422501011736136,0.32864392412566684,2471
2021-09-03,0.03946848862227692,0.0486099116923581,0.08179332359351887,0.034482758620689655,0.3142890953545232,2726
2021-09-04,-0.013395434457907696,0.04931130145077031,0.03339783741336232,0.04728464419475655,0.3072714737507906,2136
2021-09-05,0.01654008315698796,0.04756677167606206,0.03620360396135973,0.055449330783938815,0.328726178343949,2092
2021-09-06,-0.006010439442122317,0.04816996326781809,0.025162978892695503,0.04430379746835443,0.33506331877729256,2054
2021-09-07,-0.12778427525094804,0.07316903110027145,0.22490398509446066,0.03512506652474721,0.2736226022304833,1879
2021-09-08,0.020698378026291042,0.054736106351434104,0.09752612891088926,0.040547656661400734,0.3235364553314121,1899
2021-09-09,-0.020008187679116718,0.054824959951582854,0.04705956635268627,0.05173232083531087,0.333541881443299,2107
2021-09-10,-0.06297429905424001,0.05211336141707979,0.10378205113644935,0.03755144032921811,0.342008850174216,1944
2021-09-11,0.018300538011161382,0.05485431886081123,0.04286790178090812,0.04302261445118588,0.3264622507122507,1813
2021-09-12,0.042765924674411426,0.05876399824173899,0.06952244989670893,0.04791785510553337,0.29594403202328967,1753
2021-09-13,-0.0365448410044239,0.058747466358850475,0.08950572205861153,0.047293746715712036,0.3245795076031861,1903
2021-09-14,0.04372465556468219,0.041232348695875665,0.04732917976720236,0.06308307418924922,0.3160189238210399,2251
2021-09-15,0.05427348294325429,0.045642801670916666,0.0726767104215229,0.08930150309460655,0.2613508761329305,2262
2021-09-16,-0.012167148751833556,0.044999899342068064,0.050789209835845346,0.0457089552238806,0.3287532531824611,2144
2021-09-17,-0.04837353406201783,0.041424795070721734,0.06523342816421028,0.04139562389118864,0.36270044130626655,1691
2021-09-18,0.009851132793005979,0.041226291677776826,0.04971862685071273,0.051233396584440226,0.3788558669001751,1581
2021-09-19,-0.029886303834524064,0.0400395996888694,0.04722868615518603,0.0426098535286285,0.33695745310957553,1502
2021-09-20,-0.11126601222314803,0.05694699880828966,0.12087869685159242,0.05041480536056158,0.25535813953488373,1567
2021-09-21,-0.06575288980945748,0.05357518805339709,0.14284374290521315,0.044712562100780694,0.2832822784810127,1409
2021-09-22,0.11338204311279942,0.07078875403378862,0.1258110989409793,0.03455019556714472,0.3393233082706767,1534
2021-09-23,0.02523037174609466,0.07291083098947607,0.04400517876055452,0.051094890510948905,0.3189084888059701,1644
2021-09-24,-0.07094052715857224,0.0750855388642597,0.13070161095223382,0.053479381443298966,0.30231936108422075,1552
2021-09-25,-0.0020819565845595633,0.07446794984132929,0.05118733498358872,0.05564784053156146,0.2837422169811321,1204
2021-09-26,0.04672592086379557,0.078334499349116,0.12653146781026678,0.04899777282850779,0.31600108225108225,1347
2021-09-27,-0.04184044901996187,0.06681210425521097,0.07533737419156132,0.040353786622443336,0.2845212094653813,1809
2021-09-28,-0.04322974039297356,0.06354217892474656,0.06057091215603764,0.035014836795252226,0.28943798828125,1685
2021-09-29,0.01633123869492903,0.04290845099443501,0.05691566744915116,0.03798219584569733,0.28171096153846154,1685
2021-09-30,0.05206036269782599,0.04752681929026393,0.07229647041386433,0.0512521840419336,0.285024082784572,1717
2021-10-01,0.10188864994718072,0.05284647684166131,0.11702230585312257,0.03350515463917526,0.3233469208211144,1552
2021-10-02,0.025450600109605093,0.05207385459868758,0.061897208861219855,0.03589375448671931,0.32979772998805257,1393
2021-10-03,0.007861649647639801,0.0511215361077138,0.040252124680915206,0.043055555555555555,0.26983369098712445,1440
2021-10-04,-0.011195273243294834,0.046338006847637656,0.044263397555972424,0.05223880597014925,0.3453448789571695,1742
2021-10-05,0.04095433841564344,0.03672289230263695,0.05193529818102617,0.04948341489940185,0.3380893732970027,1839
2021-10-06,0.017633424819270882,0.036625564375214845,0.07623382676016097,0.027562111801242236,0.3405713440405748,2576
2021-10-07,0.00207026687104217,0.037276282675494085,0.04755740132304756,0.03761574074074074,0.32184233449477356,1728
2021-10-08,-0.00674908558664955,0.0184715934223143,0.033482472457545535,0.035329341317365266,0.3616188969258589,1670
2021-10-09,0.0033553447525271896,0.01742090362142572,0.02348229761980451,0.04196642685851319,0.3199190134529148,1668
2021-10-10,-0.041911597915541665,0.025588855085632165,0.05266371753927353,0.0444015444015444,0.29980765765765766,1554
2021-10-11,0.03488218221105743,0.027875116162755436,0.06916570386128208,0.048180924287118974,0.39801883738042676,2034
2021-10-12,-0.014887315433617432,0.024367061619733538,0.03923322125976468,0.0352514256091239,0.34572826420890934,1929
2021-10-13,0.03253426616889721,0.0267775212708244,0.05443829675225943,0.049689440993788817,0.32272295805739515,1932
2021-10-14,0.04986202398689055,0.03248319494413481,0.06351897004016024,0.08627810922441487,0.34959835596854894,2179
2021-10-15,0.020237821015497426,0.03201760540475487,0.04224175408221605,0.04100601421541826,0.36149387069689337,1829
2021-10-16,-0.008349900589323278,0.03284006874152944,0.0405019697251762,0.06242350061199511,0.3423785100286533,1634
2021-10-17,0.004365738374999317,0.024050318298217306,0.06636659216513477,0.03988803358992302,0.3221773291925466,1429
2021-10-18,-0.025563239157348483,0.0271854122074198,0.05235785647172373,0.04538341158059468,0.29107162264150943,1917
2021-10-19,0.03438225681198959,0.026547846037605856,0.03926929862506759,0.05272727272727273,0.3181325247079964,1650
2021-10-20,0.07178088956677775,0.033905800628748275,0.08618040182016899,0.04089581304771178,0.3092719512195122,2054
2021-10-21,-0.024463359206956636,0.03496736680922095,0.08016036298950988,0.03955375253549696,0.3489112412177986,1972
2021-10-22,-0.020753349717728686,0.036435353905509595,0.06278472426044235,0.044377206253151794,0.3413930194805195,1983
2021-10-23,0.05074871439583051,0.039669024567644706,0.05716730789346643,0.04337767495662233,0.3403594243268338,1729
2021-10-24,-0.020078447366535968,0.041578347911773776,0.052400850613723245,0.04944289693593315,0.32864705882352946,1436
2021-10-25,0.03179476642070034,0.039109901192065644,0.040307386247967786,0.045134818288393906,0.3093168631006346,1706
2021-10-26,-0.020573128368714055,0.04067130065201109,0.04322806591070107,0.03230616302186879,0.3378422239502333,2012
2021-10-27,-0.0486177193381504,0.035166614615325845,0.08927403767697042,0.042492917847025496,0.3144608127721335,2118
2021-10-28,0.09084936802329358,0.0498113866180681,0.09871673819508262,0.043609671848013815,0.30586302681992333,2316
2021-10-29,0.02972208535475196,0.048411228772677416,0.042910118027889875,0.03944848716966679,0.330296298405467,2611
2021-10-30,-0.020181524027737874,0.04740286012528858,0.03949821537785279,0.039328537170263786,0.29052997329773034,2085
2021-10-31,-0.008686766232564813,0.04654081457911971,0.04983729191219197,0.057608695652173914,0.3046350223546945,1840
2021-11-01,0.008524185321205024,0.0453537073655949,0.0504534459652943,0.04757328207592504,0.3481761154855643,2081
